lipid_system,property,chain,type,T_bin,n_values,mean,median,std,min,max,spread_pct,n_sources,n_force_fields,unit
PC_average_12lipids,area_compressibility_KA,-,experimental,NA,1,243.0,243.0,0.0,243.0,243.0,0.0,1,0,mN/m
CHOL:DAPC (1:1),area_per_lipid,-,computational,35C,1,49.69,49.69,0.0,49.69,49.69,0.0,1,1,A^2
CHOL:DAPC (7:11),area_per_lipid,-,computational,35C,1,54.77,54.77,0.0,54.77,54.77,0.0,1,1,A^2
CHOL:DAPC (7:17),area_per_lipid,-,computational,35C,1,59.65,59.65,0.0,59.65,59.65,0.0,1,1,A^2
CHOL:DAPC (7:29),area_per_lipid,-,computational,35C,1,64.94,64.94,0.0,64.94,64.94,0.0,1,1,A^2
CHOL:DAPC (7:65),area_per_lipid,-,computational,10C,2,68.385,68.385,0.005,68.38,68.39,0.0,2,1,A^2
CHOL:DAPC (7:65),area_per_lipid,-,computational,25C,2,69.36,69.36,0.02,69.34,69.38,0.1,2,1,A^2
CHOL:DAPC (7:65),area_per_lipid,-,computational,35C,2,70.34,70.34,0.02,70.32,70.36,0.1,2,1,A^2
CHOL:DAPC (7:65),area_per_lipid,-,computational,45C,2,71.23,71.23,0.01,71.22,71.24,0.0,2,1,A^2
CHOL:DAPC (7:65),area_per_lipid,-,computational,60C,2,72.455,72.455,0.015,72.44,72.47,0.0,2,1,A^2
CHOL:DDOPC (7:65),area_per_lipid,-,computational,35C,1,72.3,72.3,0.0,72.3,72.3,0.0,1,1,A^2
CHOL:DDOPC:DOPC (28:115:130),area_per_lipid,-,computational,35C,1,67.05,67.05,0.0,67.05,67.05,0.0,1,1,A^2
CHOL:DLIPC (7:65),area_per_lipid,-,computational,35C,1,65.3,65.3,0.0,65.3,65.3,0.0,1,1,A^2
CHOL:DLIPC:DOPC (28:125:130),area_per_lipid,-,computational,35C,1,64.03,64.03,0.0,64.03,64.03,0.0,1,1,A^2
CHOL:DOPC (7:65),area_per_lipid,-,computational,35C,1,63.11,63.11,0.0,63.11,63.11,0.0,1,1,A^2
CHOL:DOPC:DAPC (14:65:60),area_per_lipid,-,computational,35C,1,66.39,66.39,0.0,66.39,66.39,0.0,1,1,A^2
CHOL:DPPC (1:4),area_per_lipid,-,computational,35C,1,41.8,41.8,0.0,41.8,41.8,0.0,1,1,A^2
CHOL:POPC (11:100),area_per_lipid,-,computational,35C,9,56.98,56.63,2.0684,54.16,59.71,9.7,9,2,A^2
CHOL:POPC (1:1),area_per_lipid,-,computational,25C,1,41.27,41.27,0.0,41.27,41.27,0.0,1,1,A^2
CHOL:POPC (1:1),area_per_lipid,-,computational,30C,5,42.356,42.0,0.5394,41.89,43.31,3.4,5,2,A^2
CHOL:POPC (1:1),area_per_lipid,-,computational,35C,1,42.42,42.42,0.0,42.42,42.42,0.0,1,1,A^2
CHOL:POPC (1:4),area_per_lipid,-,computational,35C,9,51.8167,51.55,1.5697,49.43,53.69,8.2,9,2,A^2
CHOL:POPC (3:7),area_per_lipid,-,computational,30C,2,47.11,47.11,0.46,46.65,47.57,2.0,2,1,A^2
CHOL:POPC (43:100),area_per_lipid,-,computational,35C,9,47.4844,47.43,1.0673,45.91,49.25,7.0,9,2,A^2
CHOL:POPC (67:100),area_per_lipid,-,computational,35C,1,44.82,44.82,0.0,44.82,44.82,0.0,1,1,A^2
CHOL:POPC (6:25),area_per_lipid,-,computational,30C,1,50.15,50.15,0.0,50.15,50.15,0.0,1,1,A^2
CHOL:POPC (77:179),area_per_lipid,-,computational,25C,1,46.89,46.89,0.0,46.89,46.89,0.0,1,1,A^2
CHOL:POPC:SM16 (38:45:44),area_per_lipid,-,computational,20C,1,42.96,42.96,0.0,42.96,42.96,0.0,1,1,A^2
DEPC,area_per_lipid,-,computational,35C,1,65.1,65.1,0.0,65.1,65.1,0.0,1,1,A^2
DLIPC,area_per_lipid,-,computational,25C,1,70.08,70.08,0.0,70.08,70.08,0.0,1,1,A^2
DLIPC,area_per_lipid,-,computational,60C,3,72.9067,72.94,0.1408,72.72,73.06,0.5,1,1,A^2
DLIPG:DLIPA:SAPC:POPE (4:4:9:7),area_per_lipid,-,computational,35C,1,66.22,66.22,0.0,66.22,66.22,0.0,1,1,A^2
DLPC,area_per_lipid,-,computational,25C,7,62.8386,64.82,3.488,55.4,65.54,16.1,7,1,A^2
DLPC,area_per_lipid,-,computational,35C,1,62.55,62.55,0.0,62.55,62.55,0.0,1,1,A^2
DLPC,area_per_lipid,-,experimental,20C,1,59.6,59.6,0.0,59.6,59.6,0.0,1,0,A^2
DLPC,area_per_lipid,-,experimental,30C,1,60.8,60.8,0.0,60.8,60.8,0.0,1,0,A^2
DLPC,area_per_lipid,-,experimental,50C,1,64.8,64.8,0.0,64.8,64.8,0.0,1,0,A^2
DLPC,area_per_lipid,-,experimental,60C,1,65.9,65.9,0.0,65.9,65.9,0.0,1,0,A^2
DMPC,area_per_lipid,-,computational,30C,2,59.905,59.905,0.595,59.31,60.5,2.0,2,2,A^2
DMPC,area_per_lipid,-,computational,40C,10,60.058,61.06,3.7359,52.88,64.83,19.9,9,2,A^2
DMPC,area_per_lipid,-,computational,50C,2,63.895,63.895,2.125,61.77,66.02,6.7,2,1,A^2
DMPC,area_per_lipid,-,computational,60C,3,63.88,63.89,0.0455,63.82,63.93,0.2,1,1,A^2
DMPC,area_per_lipid,-,experimental,30C,1,59.9,59.9,0.0,59.9,59.9,0.0,1,0,A^2
DMPC,area_per_lipid,-,experimental,50C,1,63.3,63.3,0.0,63.3,63.3,0.0,1,0,A^2
DMPC,area_per_lipid,-,experimental,60C,1,65.7,65.7,0.0,65.7,65.7,0.0,1,0,A^2
DMPC:BOG (1:1),area_per_lipid,-,computational,30C,1,45.43,45.43,0.0,45.43,45.43,0.0,1,1,A^2
DMPC:BOG (2:1),area_per_lipid,-,computational,30C,1,49.73,49.73,0.0,49.73,49.73,0.0,1,1,A^2
DMPC:BOG (3:2),area_per_lipid,-,computational,30C,1,48.19,48.19,0.0,48.19,48.19,0.0,1,1,A^2
DMPC:DMTAP (15:1),area_per_lipid,-,computational,50C,2,61.055,61.055,2.505,58.55,63.56,8.2,2,1,A^2
DMPC:DMTAP (1:1),area_per_lipid,-,computational,50C,3,57.2967,57.35,0.3207,56.88,57.66,1.4,3,1,A^2
DMPC:DMTAP (1:3),area_per_lipid,-,computational,50C,4,61.1125,61.16,0.4354,60.48,61.65,1.9,4,1,A^2
DMPC:SAPI:POPI:SLIPI (90:23:8:7),area_per_lipid,-,computational,30C,1,60.63,60.63,0.0,60.63,60.63,0.0,1,1,A^2
DOPC,area_per_lipid,-,computational,20C,3,67.26,67.24,0.0432,67.22,67.32,0.1,1,1,A^2
DOPC,area_per_lipid,-,computational,25C,4,68.2225,67.715,0.9466,67.6,69.86,3.3,2,2,A^2
DOPC,area_per_lipid,-,computational,30C,8,69.0725,69.33,0.8393,67.97,69.99,2.9,6,2,A^2
DOPC,area_per_lipid,-,computational,35C,3,66.7833,67.79,1.8943,64.13,68.43,6.4,2,2,A^2
DOPC,area_per_lipid,-,computational,40C,3,69.0,69.05,0.0852,68.88,69.07,0.3,1,1,A^2
DOPC,area_per_lipid,-,computational,50C,3,69.91,69.91,0.0572,69.84,69.98,0.2,1,1,A^2
DOPC,area_per_lipid,-,computational,60C,3,70.9267,70.87,0.1173,70.82,71.09,0.4,1,1,A^2
DOPC,area_per_lipid,-,experimental,30C,1,67.4,67.4,0.0,67.4,67.4,0.0,1,0,A^2
DOPC:CHOL (32:13),area_per_lipid,-,computational,60C,3,55.37,55.34,0.0648,55.31,55.46,0.3,1,1,A^2
DOPC:CHOL (4:1),area_per_lipid,-,computational,60C,3,60.0167,60.0,0.119,59.88,60.17,0.5,1,1,A^2
DOPC:CHOL (8:1),area_per_lipid,-,computational,60C,3,64.76,64.79,0.0572,64.68,64.81,0.2,1,1,A^2
DOPC:CHOL (8:5),area_per_lipid,-,computational,60C,3,50.9333,50.94,0.0249,50.9,50.96,0.1,1,1,A^2
DOPC:CHOL (8:7),area_per_lipid,-,computational,60C,3,47.8767,47.85,0.0525,47.83,47.95,0.3,1,1,A^2
DOPC:DOPE (1:1),area_per_lipid,-,computational,25C,1,68.57,68.57,0.0,68.57,68.57,0.0,1,1,A^2
DOPE,area_per_lipid,-,computational,0C,6,55.1533,55.175,2.2677,51.76,58.4,12.0,3,2,A^2
DOPG:PYPE:PVCL (4:15:1),area_per_lipid,-,computational,35C,1,63.92,63.92,0.0,63.92,63.92,0.0,1,1,A^2
DOPS,area_per_lipid,-,computational,30C,13,61.5885,62.98,4.7973,51.05,66.21,24.6,7,4,A^2
DPPC,area_per_lipid,-,computational,15C,4,51.785,51.715,0.4228,51.31,52.4,2.1,3,1,A^2
DPPC,area_per_lipid,-,computational,20C,2,48.2,48.2,0.18,48.02,48.38,0.7,1,1,A^2
DPPC,area_per_lipid,-,computational,25C,2,52.12,52.12,0.86,51.26,52.98,3.3,2,2,A^2
DPPC,area_per_lipid,-,computational,30C,1,54.75,54.75,0.0,54.75,54.75,0.0,1,1,A^2
DPPC,area_per_lipid,-,computational,35C,2,56.075,56.075,3.875,52.2,59.95,13.8,2,2,A^2
DPPC,area_per_lipid,-,computational,40C,1,50.37,50.37,0.0,50.37,50.37,0.0,1,1,A^2
DPPC,area_per_lipid,-,computational,45C,5,53.918,54.02,1.2547,51.72,55.21,6.5,4,1,A^2
DPPC,area_per_lipid,-,computational,50C,27,62.1233,60.9,2.7527,57.53,67.96,16.8,22,6,A^2
DPPC,area_per_lipid,-,computational,55C,1,61.8,61.8,0.0,61.8,61.8,0.0,1,1,A^2
DPPC,area_per_lipid,-,computational,60C,7,63.44,62.43,1.8587,61.71,66.49,7.5,2,2,A^2
DPPC,area_per_lipid,-,computational,65C,3,62.6967,62.81,0.2269,62.38,62.9,0.8,2,1,A^2
DPPC,area_per_lipid,-,computational,75C,1,64.73,64.73,0.0,64.73,64.73,0.0,1,1,A^2
DPPC,area_per_lipid,-,computational,85C,2,66.355,66.355,0.015,66.34,66.37,0.0,2,1,A^2
DPPC,area_per_lipid,-,experimental,50C,2,63.05,63.05,0.05,63.0,63.1,0.2,2,0,A^2
DPPC,area_per_lipid,-,experimental,60C,1,65.0,65.0,0.0,65.0,65.0,0.0,1,0,A^2
DPPC:C20 (6:1),area_per_lipid,-,computational,60C,8,57.285,58.33,1.639,55.1,58.88,6.6,1,2,A^2
DPPC:C30 (18:1),area_per_lipid,-,computational,70C,4,63.3025,63.3,1.7525,61.55,65.06,5.5,1,2,A^2
DPPC:CHOL (19:5),area_per_lipid,-,computational,35C,2,45.065,45.065,0.055,45.01,45.12,0.2,2,1,A^2
DPPC:CHOL (43:5),area_per_lipid,-,computational,20C,2,44.77,44.77,0.0,44.77,44.77,0.0,2,1,A^2
DPPC:CHOL (43:5),area_per_lipid,-,computational,30C,1,47.91,47.91,0.0,47.91,47.91,0.0,1,1,A^2
DPPC:CHOL (43:5),area_per_lipid,-,computational,35C,2,50.78,50.78,0.04,50.74,50.82,0.2,2,1,A^2
DPPC:CHOL (43:5),area_per_lipid,-,computational,40C,1,53.58,53.58,0.0,53.58,53.58,0.0,1,1,A^2
DPPC:CHOL (43:5),area_per_lipid,-,computational,45C,1,54.79,54.79,0.0,54.79,54.79,0.0,1,1,A^2
DPPC:CHOL (61:11),area_per_lipid,-,computational,35C,1,48.51,48.51,0.0,48.51,48.51,0.0,1,1,A^2
DPPC:CHOL (61:11),area_per_lipid,-,computational,40C,1,50.95,50.95,0.0,50.95,50.95,0.0,1,1,A^2
DPPC:CHOL (98:13),area_per_lipid,-,computational,35C,1,43.19,43.19,0.0,43.19,43.19,0.0,1,1,A^2
DPPC:CHOL:DOPC (102:26:83),area_per_lipid,-,computational,20C,1,42.95,42.95,0.0,42.95,42.95,0.0,1,1,A^2
DPPC:CHOL:DOPC (102:26:83),area_per_lipid,-,computational,35C,2,54.255,54.255,0.575,53.68,54.83,2.1,1,1,A^2
DPPC:DCHOL (43:5),area_per_lipid,-,computational,35C,1,52.59,52.59,0.0,52.59,52.59,0.0,1,1,A^2
DPPC:DCHOL (98:13),area_per_lipid,-,computational,35C,1,43.23,43.23,0.0,43.23,43.23,0.0,1,1,A^2
DPPE,area_per_lipid,-,computational,65C,1,54.83,54.83,0.0,54.83,54.83,0.0,1,1,A^2
DPPE,area_per_lipid,-,computational,70C,3,54.7867,59.81,7.2602,44.52,60.03,28.3,2,2,A^2
DPPG,area_per_lipid,-,computational,25C,1,53.91,53.91,0.0,53.91,53.91,0.0,1,1,A^2
DPPG,area_per_lipid,-,computational,40C,1,61.44,61.44,0.0,61.44,61.44,0.0,1,1,A^2
DPhyPC,area_per_lipid,-,experimental,20C,1,78.0,78.0,0.0,78.0,78.0,0.0,1,0,A^2
DPhyPC,area_per_lipid,-,experimental,30C,1,80.6,80.6,0.0,80.6,80.6,0.0,1,0,A^2
DPhyPC,area_per_lipid,-,experimental,50C,1,83.6,83.6,0.0,83.6,83.6,0.0,1,0,A^2
DPhyPC,area_per_lipid,-,experimental,60C,1,84.8,84.8,0.0,84.8,84.8,0.0,1,0,A^2
DRPC,area_per_lipid,-,computational,60C,3,70.22,70.32,0.1558,70.0,70.34,0.5,1,1,A^2
DSPC,area_per_lipid,-,computational,60C,1,50.85,50.85,0.0,50.85,50.85,0.0,1,1,A^2
DSPC,area_per_lipid,-,computational,65C,1,61.32,61.32,0.0,61.32,61.32,0.0,1,1,A^2
DSPC,area_per_lipid,-,experimental,60C,1,63.8,63.8,0.0,63.8,63.8,0.0,1,0,A^2
DYPC,area_per_lipid,-,computational,60C,3,70.8067,70.85,0.091,70.68,70.89,0.3,1,1,A^2
ERG:POPC:SM16 (26:51:51),area_per_lipid,-,computational,20C,1,46.42,46.42,0.0,46.42,46.42,0.0,1,1,A^2
ERG:POPC:SM16 (38:45:44),area_per_lipid,-,computational,20C,1,42.91,42.91,0.0,42.91,42.91,0.0,1,1,A^2
PAPC,area_per_lipid,-,computational,30C,2,69.67,69.67,0.07,69.6,69.74,0.2,1,1,A^2
PDPC,area_per_lipid,-,computational,30C,2,70.31,70.31,0.05,70.26,70.36,0.1,1,1,A^2
PILPC,area_per_lipid,-,computational,30C,2,66.615,66.615,0.015,66.6,66.63,0.0,1,1,A^2
POPC,area_per_lipid,-,computational,25C,95,63.192,63.53,4.389,45.99,76.91,48.9,78,10,A^2
POPC,area_per_lipid,-,computational,30C,51,63.4845,64.27,2.5263,55.67,70.75,23.8,39,6,A^2
POPC,area_per_lipid,-,computational,35C,65,63.5997,64.53,2.7388,56.29,68.8,19.7,42,7,A^2
POPC,area_per_lipid,-,computational,40C,36,63.2828,63.095,1.5149,60.76,66.85,9.6,6,3,A^2
POPC,area_per_lipid,-,computational,55C,2,64.685,64.685,2.705,61.98,67.39,8.4,2,1,A^2
POPC,area_per_lipid,-,computational,75C,2,67.23,67.23,2.75,64.48,69.98,8.2,2,1,A^2
POPC,area_per_lipid,-,computational,95C,2,70.015,70.015,2.775,67.24,72.79,7.9,2,1,A^2
POPC,area_per_lipid,-,experimental,20C,1,62.7,62.7,0.0,62.7,62.7,0.0,1,0,A^2
POPC,area_per_lipid,-,experimental,30C,1,64.3,64.3,0.0,64.3,64.3,0.0,1,0,A^2
POPC,area_per_lipid,-,experimental,50C,1,67.3,67.3,0.0,67.3,67.3,0.0,1,0,A^2
POPC,area_per_lipid,-,experimental,60C,1,68.1,68.1,0.0,68.1,68.1,0.0,1,0,A^2
POPC:CER (256:25),area_per_lipid,-,computational,35C,2,61.74,61.74,0.0,61.74,61.74,0.0,2,1,A^2
POPC:CER (4:1),area_per_lipid,-,computational,35C,1,58.12,58.12,0.0,58.12,58.12,0.0,1,1,A^2
POPC:CHOL (100:11),area_per_lipid,-,computational,35C,1,60.16,60.16,0.0,60.16,60.16,0.0,1,1,A^2
POPC:CHOL (100:43),area_per_lipid,-,computational,35C,1,48.9,48.9,0.0,48.9,48.9,0.0,1,1,A^2
POPC:CHOL (100:67),area_per_lipid,-,computational,35C,1,44.92,44.92,0.0,44.92,44.92,0.0,1,1,A^2
POPC:CHOL (13:19),area_per_lipid,-,computational,30C,1,40.84,40.84,0.0,40.84,40.84,0.0,1,1,A^2
POPC:CHOL (13:19),area_per_lipid,-,computational,35C,1,40.99,40.99,0.0,40.99,40.99,0.0,1,1,A^2
POPC:CHOL (15:1),area_per_lipid,-,computational,25C,1,62.17,62.17,0.0,62.17,62.17,0.0,1,1,A^2
POPC:CHOL (15:1),area_per_lipid,-,computational,30C,1,61.29,61.29,0.0,61.29,61.29,0.0,1,1,A^2
POPC:CHOL (19:13),area_per_lipid,-,computational,35C,1,44.31,44.31,0.0,44.31,44.31,0.0,1,1,A^2
POPC:CHOL (1:1),area_per_lipid,-,computational,25C,1,40.59,40.59,0.0,40.59,40.59,0.0,1,1,A^2
POPC:CHOL (1:1),area_per_lipid,-,computational,30C,3,41.8033,42.26,0.8289,40.64,42.51,4.5,3,3,A^2
POPC:CHOL (1:1),area_per_lipid,-,computational,35C,2,42.255,42.255,0.075,42.18,42.33,0.4,2,2,A^2
POPC:CHOL (21:11),area_per_lipid,-,computational,25C,1,45.03,45.03,0.0,45.03,45.03,0.0,1,1,A^2
POPC:CHOL (21:11),area_per_lipid,-,computational,30C,1,45.98,45.98,0.0,45.98,45.98,0.0,1,1,A^2
POPC:CHOL (25:39),area_per_lipid,-,computational,25C,1,38.9,38.9,0.0,38.9,38.9,0.0,1,1,A^2
POPC:CHOL (27:5),area_per_lipid,-,computational,30C,1,56.4,56.4,0.0,56.4,56.4,0.0,1,1,A^2
POPC:CHOL (32:13),area_per_lipid,-,computational,25C,12,47.5617,46.935,1.5369,45.66,50.24,9.6,4,4,A^2
POPC:CHOL (4:1),area_per_lipid,-,computational,25C,12,52.8217,52.13,1.6891,51.07,55.69,8.7,4,4,A^2
POPC:CHOL (4:1),area_per_lipid,-,computational,35C,1,54.15,54.15,0.0,54.15,54.15,0.0,1,1,A^2
POPC:CHOL (55:9),area_per_lipid,-,computational,25C,1,55.88,55.88,0.0,55.88,55.88,0.0,1,1,A^2
POPC:CHOL (57:7),area_per_lipid,-,computational,35C,1,61.14,61.14,0.0,61.14,61.14,0.0,1,1,A^2
POPC:CHOL (7:3),area_per_lipid,-,computational,30C,3,47.34,47.61,0.5449,46.58,47.83,2.6,3,1,A^2
POPC:CHOL (8:1),area_per_lipid,-,computational,25C,12,58.6158,58.24,1.7266,56.68,61.39,8.0,4,4,A^2
POPC:CHOL (8:5),area_per_lipid,-,computational,25C,12,43.7958,43.645,1.111,42.26,45.55,7.5,4,4,A^2
POPC:CHOL (8:7),area_per_lipid,-,computational,25C,12,41.9375,42.065,0.6757,40.87,42.81,4.6,4,4,A^2
POPC:CHOL:SAPI25 (119:23:8),area_per_lipid,-,computational,25C,1,53.91,53.91,0.0,53.91,53.91,0.0,1,1,A^2
POPC:CHOL:SAPI25 (127:15:8),area_per_lipid,-,computational,25C,1,57.1,57.1,0.0,57.1,57.1,0.0,1,1,A^2
POPC:CHOL:SAPI25 (67:75:8),area_per_lipid,-,computational,25C,1,41.76,41.76,0.0,41.76,41.76,0.0,1,1,A^2
POPC:CHOL:SAPI25 (97:45:8),area_per_lipid,-,computational,25C,1,46.34,46.34,0.0,46.34,46.34,0.0,1,1,A^2
POPC:CHOL:SM16 (51:26:51),area_per_lipid,-,computational,20C,1,46.19,46.19,0.0,46.19,46.19,0.0,1,1,A^2
POPC:DHMDMAB (10:3),area_per_lipid,-,computational,40C,1,60.97,60.97,0.0,60.97,60.97,0.0,1,1,A^2
POPC:DHMDMAB (10:7),area_per_lipid,-,computational,40C,2,55.455,55.455,0.175,55.28,55.63,0.6,2,2,A^2
POPC:DHMDMAB (1:1),area_per_lipid,-,computational,40C,2,50.205,50.205,4.665,45.54,54.87,18.6,2,2,A^2
POPC:DHMDMAB (25:11),area_per_lipid,-,computational,40C,1,60.68,60.68,0.0,60.68,60.68,0.0,1,1,A^2
POPC:DHMDMAB (25:22),area_per_lipid,-,computational,40C,1,61.93,61.93,0.0,61.93,61.93,0.0,1,1,A^2
POPC:DHMDMAB (25:3),area_per_lipid,-,computational,40C,2,62.46,62.46,0.05,62.41,62.51,0.2,2,2,A^2
POPC:DHMDMAB (25:7),area_per_lipid,-,computational,40C,2,58.98,58.98,0.37,58.61,59.35,1.3,2,2,A^2
POPC:DHMDMAB (50:21),area_per_lipid,-,computational,40C,2,58.165,58.165,0.685,57.48,58.85,2.4,2,2,A^2
POPC:DOPE (1:1),area_per_lipid,-,computational,25C,1,66.71,66.71,0.0,66.71,66.71,0.0,1,1,A^2
POPC:GB3 (19:1),area_per_lipid,-,computational,35C,4,63.7575,63.765,0.0164,63.73,63.77,0.1,3,1,A^2
POPC:PAzePCdeprot (45:19),area_per_lipid,-,computational,25C,1,64.33,64.33,0.0,64.33,64.33,0.0,1,1,A^2
POPC:PAzePCprot (45:19),area_per_lipid,-,computational,25C,1,66.39,66.39,0.0,66.39,66.39,0.0,1,1,A^2
POPC:POPE (1:1),area_per_lipid,-,computational,25C,4,59.6325,59.275,3.4981,55.19,64.79,16.1,4,4,A^2
POPC:POPE:POPS:POPI:CER180:CHOL (67:30:7:13:5:6),area_per_lipid,-,computational,35C,1,58.52,58.52,0.0,58.52,58.52,0.0,1,1,A^2
POPC:POPE:POPS:SAPI24:SM16:CHOL (82:58:28:6:59:152),area_per_lipid,-,computational,35C,1,43.28,43.28,0.0,43.28,43.28,0.0,1,1,A^2
POPC:POPG (175:44),area_per_lipid,-,computational,25C,3,58.1567,56.52,2.4214,56.37,61.58,9.0,3,1,A^2
POPC:POPG (1:1),area_per_lipid,-,computational,25C,7,57.9314,57.4,3.334,53.21,62.34,15.8,5,3,A^2
POPC:POPG (7:3),area_per_lipid,-,computational,35C,2,59.67,59.67,0.39,59.28,60.06,1.3,2,1,A^2
POPC:POPS (13:3),area_per_lipid,-,computational,35C,2,55.145,55.145,1.695,53.45,56.84,6.1,2,1,A^2
POPC:POPS (1:1),area_per_lipid,-,computational,25C,2,59.6,59.6,2.48,57.12,62.08,8.3,1,1,A^2
POPC:POPS (51:13),area_per_lipid,-,computational,35C,3,55.65,56.07,0.7549,54.59,56.29,3.1,3,1,A^2
POPC:POPS (5:1),area_per_lipid,-,computational,25C,10,59.119,59.115,1.4504,57.05,62.33,8.9,3,3,A^2
POPC:POPS:CES (?),area_per_lipid,-,computational,35C,1,60.66,60.66,0.0,60.66,60.66,0.0,1,1,A^2
POPC:SAPI25 (71:4),area_per_lipid,-,computational,25C,1,63.42,63.42,0.0,63.42,63.42,0.0,1,1,A^2
POPC:SAPI25 (9:1),area_per_lipid,-,computational,25C,1,63.4,63.4,0.0,63.4,63.4,0.0,1,1,A^2
POPC:TLCL_0H (22:3),area_per_lipid,-,computational,25C,1,71.78,71.78,0.0,71.78,71.78,0.0,1,1,A^2
POPC:TLCL_0H (47:3),area_per_lipid,-,computational,30C,1,67.89,67.89,0.0,67.89,67.89,0.0,1,1,A^2
POPC:TLCL_0H (4:1),area_per_lipid,-,computational,30C,1,77.89,77.89,0.0,77.89,77.89,0.0,1,1,A^2
POPE,area_per_lipid,-,computational,25C,2,53.545,53.545,3.845,49.7,57.39,14.4,2,2,A^2
POPE,area_per_lipid,-,computational,30C,6,58.215,57.6,3.8129,54.68,66.11,19.6,4,3,A^2
POPE,area_per_lipid,-,computational,35C,20,59.337,59.15,4.4939,51.64,67.19,26.2,16,7,A^2
POPE,area_per_lipid,-,computational,40C,4,59.82,59.91,0.8367,58.69,60.77,3.5,2,1,A^2
POPE:DOG (29:3),area_per_lipid,-,computational,35C,1,56.72,56.72,0.0,56.72,56.72,0.0,1,1,A^2
POPE:DOG:CHOL (37:6:21),area_per_lipid,-,computational,35C,1,45.89,45.89,0.0,45.89,45.89,0.0,1,1,A^2
POPE:POPC:POPS:CHOL:SM16:GM1 (24:38:5:20:9:4),area_per_lipid,-,computational,25C,3,51.21,51.74,3.4213,46.78,55.11,16.3,3,1,A^2
POPE:POPG (187:63),area_per_lipid,-,computational,35C,2,55.77,55.77,0.13,55.64,55.9,0.5,2,1,A^2
POPE:SDG (29:3),area_per_lipid,-,computational,35C,1,56.77,56.77,0.0,56.77,56.77,0.0,1,1,A^2
POPE:SDG:CHOL (37:6:21),area_per_lipid,-,computational,35C,1,45.73,45.73,0.0,45.73,45.73,0.0,1,1,A^2
POPG,area_per_lipid,-,computational,25C,2,66.4,66.4,0.77,65.63,67.17,2.3,2,2,A^2
POPG,area_per_lipid,-,computational,35C,10,63.57,65.515,4.4056,57.58,68.88,17.8,10,4,A^2
POPG:DPPGK:TOCL (12:7:1),area_per_lipid,-,computational,30C,1,65.02,65.02,0.0,65.02,65.02,0.0,1,1,A^2
POPG:POPC (1:1),area_per_lipid,-,computational,25C,11,59.44,59.04,3.4286,54.7,64.68,16.8,9,3,A^2
POPG:POPC (1:4),area_per_lipid,-,computational,25C,2,60.36,60.36,3.34,57.02,63.7,11.1,2,1,A^2
POPG:POPC (3:7),area_per_lipid,-,computational,35C,5,65.114,64.8,1.4116,63.34,66.99,5.6,5,3,A^2
POPG:POPC (44:175),area_per_lipid,-,computational,25C,6,62.5733,62.625,1.7481,60.13,65.34,8.3,6,2,A^2
POPG:POPE (187:63),area_per_lipid,-,computational,35C,8,62.5975,62.99,3.0778,57.75,66.5,14.0,8,4,A^2
POPG:POPE (63:187),area_per_lipid,-,computational,35C,6,59.64,60.595,1.9383,56.75,61.55,8.0,6,3,A^2
POPI:NH4 (?),area_per_lipid,-,computational,35C,1,60.74,60.74,0.0,60.74,60.74,0.0,1,1,A^2
POPI:POPC:NH4 (?),area_per_lipid,-,computational,35C,4,62.48,62.35,1.1693,61.08,64.14,4.9,4,1,A^2
POPI:POPE:NH4 (?),area_per_lipid,-,computational,35C,4,58.8175,58.795,0.822,57.7,59.98,3.9,4,1,A^2
POPS,area_per_lipid,-,computational,25C,23,57.3109,56.32,4.5119,50.12,66.35,28.3,13,7,A^2
POPS:POPC (1:1),area_per_lipid,-,computational,25C,3,62.0933,62.07,1.6861,60.04,64.17,6.7,2,2,A^2
POPS:POPC (1:10),area_per_lipid,-,computational,25C,2,63.0,63.0,0.08,62.92,63.08,0.3,1,1,A^2
POPS:POPC (1:4),area_per_lipid,-,computational,25C,2,63.175,63.175,0.305,62.87,63.48,1.0,1,1,A^2
POPS:POPC (1:5),area_per_lipid,-,computational,25C,32,61.1028,61.205,1.4524,57.68,64.26,10.8,14,3,A^2
POPS:POPC (1:5),area_per_lipid,-,computational,45C,3,63.9633,64.06,0.8804,62.84,64.99,3.4,1,1,A^2
PYPC,area_per_lipid,-,computational,60C,3,67.93,67.98,0.0852,67.81,68.0,0.3,1,1,A^2
SD5PC,area_per_lipid,-,computational,30C,2,69.33,69.33,0.09,69.24,69.42,0.3,1,1,A^2
SDPC,area_per_lipid,-,computational,30C,4,70.0925,70.055,0.082,70.03,70.23,0.3,2,1,A^2
SDPE:DOG (29:3),area_per_lipid,-,computational,35C,1,59.92,59.92,0.0,59.92,59.92,0.0,1,1,A^2
SDPE:DOG:CHOL (37:6:21),area_per_lipid,-,computational,35C,1,47.67,47.67,0.0,47.67,47.67,0.0,1,1,A^2
SDPE:SDG (29:3),area_per_lipid,-,computational,35C,1,59.93,59.93,0.0,59.93,59.93,0.0,1,1,A^2
SDPE:SDG:CHOL (37:6:21),area_per_lipid,-,computational,35C,1,47.52,47.52,0.0,47.52,47.52,0.0,1,1,A^2
SLiPC,area_per_lipid,-,computational,60C,3,68.9733,69.02,0.0732,68.87,69.03,0.2,1,1,A^2
SM16,area_per_lipid,-,computational,55C,1,56.2,56.2,0.0,56.2,56.2,0.0,1,1,A^2
SM16:POPC (3:7),area_per_lipid,-,computational,25C,1,59.62,59.62,0.0,59.62,59.62,0.0,1,1,A^2
SM18,area_per_lipid,-,computational,55C,1,55.52,55.52,0.0,55.52,55.52,0.0,1,1,A^2
SM18:POPC:CHOL (1:1:1),area_per_lipid,-,computational,50C,1,43.95,43.95,0.0,43.95,43.95,0.0,1,1,A^2
SOPC,area_per_lipid,-,computational,25C,3,63.3667,63.39,0.0556,63.29,63.42,0.2,1,1,A^2
SOPC,area_per_lipid,-,computational,30C,1,64.31,64.31,0.0,64.31,64.31,0.0,1,1,A^2
SOPC,area_per_lipid,-,computational,60C,3,67.4867,67.47,0.0464,67.44,67.55,0.2,1,1,A^2
SOPC,area_per_lipid,-,experimental,20C,1,63.8,63.8,0.0,63.8,63.8,0.0,1,0,A^2
SOPC,area_per_lipid,-,experimental,30C,1,65.5,65.5,0.0,65.5,65.5,0.0,1,0,A^2
SOPC,area_per_lipid,-,experimental,50C,1,68.1,68.1,0.0,68.1,68.1,0.0,1,0,A^2
SOPC,area_per_lipid,-,experimental,60C,1,69.4,69.4,0.0,69.4,69.4,0.0,1,0,A^2
TLCL_0H,area_per_lipid,-,computational,30C,1,133.53,133.53,0.0,133.53,133.53,0.0,1,1,A^2
TLCL_0H:SAPC:POPE (4:9:7),area_per_lipid,-,computational,35C,1,78.48,78.48,0.0,78.48,78.48,0.0,1,1,A^2
TMCL:BOG:TMA (?),area_per_lipid,-,computational,30C,1,78.59,78.59,0.0,78.59,78.59,0.0,1,1,A^2
TOCL,area_per_lipid,-,computational,30C,2,129.155,129.155,1.375,127.78,130.53,2.1,2,1,A^2
TOCL:POPC (1:1),area_per_lipid,-,computational,35C,1,97.21,97.21,0.0,97.21,97.21,0.0,1,1,A^2
TOCL:POPC:POPE (1:2:1),area_per_lipid,-,computational,35C,1,78.25,78.25,0.0,78.25,78.25,0.0,1,1,A^2
TOCL:POPE (1:1),area_per_lipid,-,computational,35C,1,94.64,94.64,0.0,94.64,94.64,0.0,1,1,A^2
TOCL:TMA (?),area_per_lipid,-,computational,30C,1,143.91,143.91,0.0,143.91,143.91,0.0,1,1,A^2
PC_polyunsaturated_avg,bending_modulus_Kc,-,experimental,NA,1,0.0,0.0,0.0,0.0,0.0,0.0,1,0,J
diC13:0PC,bending_modulus_Kc,-,experimental,NA,1,0.0,0.0,0.0,0.0,0.0,0.0,1,0,J
diC22:1PC,bending_modulus_Kc,-,experimental,NA,1,0.0,0.0,0.0,0.0,0.0,0.0,1,0,J
CHOL:DAPC (1:1),order_param_SCD_plateau,sn-1,computational,35C,1,0.1863,0.1863,0.0,0.1863,0.1863,0.0,1,1,dimensionless
CHOL:DAPC (1:1),order_param_SCD_plateau,sn-2,computational,35C,1,0.1402,0.1402,0.0,0.1402,0.1402,0.0,1,1,dimensionless
CHOL:DAPC (7:11),order_param_SCD_plateau,sn-1,computational,35C,1,0.1757,0.1757,0.0,0.1757,0.1757,0.0,1,1,dimensionless
CHOL:DAPC (7:11),order_param_SCD_plateau,sn-2,computational,35C,1,0.1334,0.1334,0.0,0.1334,0.1334,0.0,1,1,dimensionless
CHOL:DAPC (7:17),order_param_SCD_plateau,sn-1,computational,35C,1,0.1688,0.1688,0.0,0.1688,0.1688,0.0,1,1,dimensionless
CHOL:DAPC (7:17),order_param_SCD_plateau,sn-2,computational,35C,1,0.128,0.128,0.0,0.128,0.128,0.0,1,1,dimensionless
CHOL:DAPC (7:29),order_param_SCD_plateau,sn-1,computational,35C,1,0.1641,0.1641,0.0,0.1641,0.1641,0.0,1,1,dimensionless
CHOL:DAPC (7:29),order_param_SCD_plateau,sn-2,computational,35C,1,0.1236,0.1236,0.0,0.1236,0.1236,0.0,1,1,dimensionless
CHOL:DAPC (7:65),order_param_SCD_plateau,sn-1,computational,10C,2,0.1603,0.1603,0.0002,0.1601,0.1605,0.2,2,1,dimensionless
CHOL:DAPC (7:65),order_param_SCD_plateau,sn-2,computational,10C,2,0.1198,0.1198,0.0001,0.1197,0.1199,0.2,2,1,dimensionless
CHOL:DAPC (7:65),order_param_SCD_plateau,sn-1,computational,25C,2,0.1602,0.1602,0.0005,0.1598,0.1607,0.6,2,1,dimensionless
CHOL:DAPC (7:65),order_param_SCD_plateau,sn-2,computational,25C,2,0.12,0.12,0.0001,0.1198,0.1201,0.3,2,1,dimensionless
CHOL:DAPC (7:65),order_param_SCD_plateau,sn-1,computational,35C,2,0.1582,0.1582,0.0003,0.1579,0.1585,0.4,2,1,dimensionless
CHOL:DAPC (7:65),order_param_SCD_plateau,sn-2,computational,35C,2,0.1194,0.1194,0.0,0.1194,0.1195,0.1,2,1,dimensionless
CHOL:DAPC (7:65),order_param_SCD_plateau,sn-1,computational,45C,2,0.1576,0.1576,0.0004,0.1572,0.1579,0.4,2,1,dimensionless
CHOL:DAPC (7:65),order_param_SCD_plateau,sn-2,computational,45C,2,0.119,0.119,0.0001,0.1189,0.1191,0.2,2,1,dimensionless
CHOL:DAPC (7:65),order_param_SCD_plateau,sn-1,computational,60C,2,0.156,0.156,0.0001,0.1559,0.1561,0.1,2,1,dimensionless
CHOL:DAPC (7:65),order_param_SCD_plateau,sn-2,computational,60C,2,0.1174,0.1174,0.0003,0.1171,0.1177,0.5,2,1,dimensionless
CHOL:DDOPC (7:65),order_param_SCD_plateau,sn-1,computational,35C,1,0.1544,0.1544,0.0,0.1544,0.1544,0.0,1,1,dimensionless
CHOL:DDOPC (7:65),order_param_SCD_plateau,sn-2,computational,35C,1,0.1076,0.1076,0.0,0.1076,0.1076,0.0,1,1,dimensionless
CHOL:DDOPC:DOPC (28:115:130),order_param_SCD_plateau,sn-1,computational,35C,2,0.1876,0.1876,0.0302,0.1573,0.2178,32.3,1,1,dimensionless
CHOL:DDOPC:DOPC (28:115:130),order_param_SCD_plateau,sn-2,computational,35C,2,0.1612,0.1612,0.0509,0.1103,0.2121,63.2,1,1,dimensionless
CHOL:DLIPC (7:65),order_param_SCD_plateau,sn-1,computational,35C,1,0.2132,0.2132,0.0,0.2132,0.2132,0.0,1,1,dimensionless
CHOL:DLIPC (7:65),order_param_SCD_plateau,sn-2,computational,35C,1,0.2068,0.2068,0.0,0.2068,0.2068,0.0,1,1,dimensionless
CHOL:DLIPC:DOPC (28:125:130),order_param_SCD_plateau,sn-1,computational,35C,2,0.2164,0.2164,0.0036,0.2128,0.22,3.3,1,1,dimensionless
CHOL:DLIPC:DOPC (28:125:130),order_param_SCD_plateau,sn-2,computational,35C,2,0.2112,0.2112,0.0045,0.2067,0.2156,4.2,1,1,dimensionless
CHOL:DOPC (7:65),order_param_SCD_plateau,sn-1,computational,35C,1,0.2193,0.2193,0.0,0.2193,0.2193,0.0,1,1,dimensionless
CHOL:DOPC (7:65),order_param_SCD_plateau,sn-2,computational,35C,1,0.2154,0.2154,0.0,0.2154,0.2154,0.0,1,1,dimensionless
CHOL:DOPC:DAPC (14:65:60),order_param_SCD_plateau,sn-1,computational,35C,2,0.1884,0.1884,0.0252,0.1632,0.2137,26.8,1,1,dimensionless
CHOL:DOPC:DAPC (14:65:60),order_param_SCD_plateau,sn-2,computational,35C,2,0.1668,0.1668,0.0432,0.1236,0.21,51.8,1,1,dimensionless
CHOL:DPPC (1:4),order_param_SCD_plateau,sn-1,computational,35C,1,0.4111,0.4111,0.0,0.4111,0.4111,0.0,1,1,dimensionless
CHOL:DPPC (1:4),order_param_SCD_plateau,sn-2,computational,35C,1,0.4148,0.4148,0.0,0.4148,0.4148,0.0,1,1,dimensionless
CHOL:POPC (11:100),order_param_SCD_plateau,sn-1,computational,35C,9,0.2563,0.2549,0.0167,0.2355,0.2853,19.4,9,2,dimensionless
CHOL:POPC (11:100),order_param_SCD_plateau,sn-2,computational,35C,9,0.2334,0.2376,0.017,0.2045,0.263,25.1,9,2,dimensionless
CHOL:POPC (1:1),order_param_SCD_plateau,sn-1,computational,25C,1,0.3949,0.3949,0.0,0.3949,0.3949,0.0,1,1,dimensionless
CHOL:POPC (1:1),order_param_SCD_plateau,sn-2,computational,25C,1,0.3377,0.3377,0.0,0.3377,0.3377,0.0,1,1,dimensionless
CHOL:POPC (1:1),order_param_SCD_plateau,sn-1,computational,30C,5,0.3912,0.4001,0.0149,0.3627,0.402,10.0,5,2,dimensionless
CHOL:POPC (1:1),order_param_SCD_plateau,sn-2,computational,30C,5,0.3414,0.3497,0.0183,0.3054,0.3536,14.1,5,2,dimensionless
CHOL:POPC (1:1),order_param_SCD_plateau,sn-1,computational,35C,1,0.3923,0.3923,0.0,0.3923,0.3923,0.0,1,1,dimensionless
CHOL:POPC (1:1),order_param_SCD_plateau,sn-2,computational,35C,1,0.3461,0.3461,0.0,0.3461,0.3461,0.0,1,1,dimensionless
CHOL:POPC (1:4),order_param_SCD_plateau,sn-1,computational,35C,9,0.2923,0.2889,0.0182,0.2671,0.3262,20.2,9,2,dimensionless
CHOL:POPC (1:4),order_param_SCD_plateau,sn-2,computational,35C,9,0.2615,0.2604,0.0179,0.2361,0.2965,23.1,9,2,dimensionless
CHOL:POPC (3:7),order_param_SCD_plateau,sn-1,computational,30C,2,0.3456,0.3456,0.0063,0.3392,0.3519,3.7,2,1,dimensionless
CHOL:POPC (3:7),order_param_SCD_plateau,sn-2,computational,30C,2,0.3091,0.3091,0.0057,0.3034,0.3148,3.7,2,1,dimensionless
CHOL:POPC (43:100),order_param_SCD_plateau,sn-1,computational,35C,9,0.3301,0.3299,0.0155,0.3082,0.3614,16.1,9,2,dimensionless
CHOL:POPC (43:100),order_param_SCD_plateau,sn-2,computational,35C,9,0.2922,0.2927,0.0163,0.2664,0.3229,19.3,9,2,dimensionless
CHOL:POPC (67:100),order_param_SCD_plateau,sn-1,computational,35C,1,0.3639,0.3639,0.0,0.3639,0.3639,0.0,1,1,dimensionless
CHOL:POPC (67:100),order_param_SCD_plateau,sn-2,computational,35C,1,0.3225,0.3225,0.0,0.3225,0.3225,0.0,1,1,dimensionless
CHOL:POPC (6:25),order_param_SCD_plateau,sn-1,computational,30C,1,0.3166,0.3166,0.0,0.3166,0.3166,0.0,1,1,dimensionless
CHOL:POPC (6:25),order_param_SCD_plateau,sn-2,computational,30C,1,0.2957,0.2957,0.0,0.2957,0.2957,0.0,1,1,dimensionless
CHOL:POPC (77:179),order_param_SCD_plateau,sn-1,computational,25C,1,0.3307,0.3307,0.0,0.3307,0.3307,0.0,1,1,dimensionless
CHOL:POPC (77:179),order_param_SCD_plateau,sn-2,computational,25C,1,0.2891,0.2891,0.0,0.2891,0.2891,0.0,1,1,dimensionless
CHOL:POPC:SM16 (38:45:44),order_param_SCD_plateau,sn-1,computational,20C,1,0.3865,0.3865,0.0,0.3865,0.3865,0.0,1,1,dimensionless
CHOL:POPC:SM16 (38:45:44),order_param_SCD_plateau,sn-2,computational,20C,1,0.3402,0.3402,0.0,0.3402,0.3402,0.0,1,1,dimensionless
DEPC,order_param_SCD_plateau,sn-1,computational,35C,1,0.2315,0.2315,0.0,0.2315,0.2315,0.0,1,1,dimensionless
DEPC,order_param_SCD_plateau,sn-2,computational,35C,1,0.2397,0.2397,0.0,0.2397,0.2397,0.0,1,1,dimensionless
DLIPC,order_param_SCD_plateau,sn-1,computational,25C,1,0.2059,0.2059,0.0,0.2059,0.2059,0.0,1,1,dimensionless
DLIPC,order_param_SCD_plateau,sn-2,computational,25C,1,0.1947,0.1947,0.0,0.1947,0.1947,0.0,1,1,dimensionless
DLIPC,order_param_SCD_plateau,sn-1,computational,60C,3,0.1987,0.1987,0.0014,0.1969,0.2004,1.8,1,1,dimensionless
DLIPC,order_param_SCD_plateau,sn-2,computational,60C,3,0.1806,0.18,0.0019,0.1786,0.1832,2.5,1,1,dimensionless
DLIPG:DLIPA:SAPC:POPE (4:4:9:7),order_param_SCD_plateau,sn-1,computational,35C,4,0.2166,0.2192,0.0055,0.2071,0.2209,6.4,1,1,dimensionless
DLIPG:DLIPA:SAPC:POPE (4:4:9:7),order_param_SCD_plateau,sn-2,computational,35C,4,0.1896,0.2055,0.0334,0.1323,0.2152,43.7,1,1,dimensionless
DLPC,order_param_SCD_plateau,sn-1,computational,25C,7,0.2134,0.1997,0.0271,0.1884,0.2721,39.2,7,1,dimensionless
DLPC,order_param_SCD_plateau,sn-2,computational,25C,7,0.2003,0.189,0.0259,0.1816,0.2596,38.9,7,1,dimensionless
DLPC,order_param_SCD_plateau,sn-1,computational,35C,1,0.2242,0.2242,0.0,0.2242,0.2242,0.0,1,1,dimensionless
DLPC,order_param_SCD_plateau,sn-2,computational,35C,1,0.2163,0.2163,0.0,0.2163,0.2163,0.0,1,1,dimensionless
DMPC,order_param_SCD_plateau,sn-1,computational,30C,2,0.2258,0.2258,0.0113,0.2144,0.2371,10.1,2,2,dimensionless
DMPC,order_param_SCD_plateau,sn-2,computational,30C,2,0.2322,0.2322,0.0178,0.2144,0.2501,15.4,2,2,dimensionless
DMPC,order_param_SCD_plateau,sn-1,computational,40C,10,0.2294,0.2316,0.0314,0.1813,0.2853,45.3,9,2,dimensionless
DMPC,order_param_SCD_plateau,sn-2,computational,40C,10,0.2357,0.2305,0.0283,0.1985,0.2956,41.2,9,2,dimensionless
DMPC,order_param_SCD_plateau,sn-1,computational,50C,2,0.201,0.201,0.0068,0.1942,0.2078,6.8,2,1,dimensionless
DMPC,order_param_SCD_plateau,sn-2,computational,50C,2,0.1944,0.1944,0.0079,0.1864,0.2023,8.2,2,1,dimensionless
DMPC,order_param_SCD_plateau,sn-1,computational,60C,3,0.2225,0.2216,0.0024,0.2201,0.2257,2.5,1,1,dimensionless
DMPC,order_param_SCD_plateau,sn-2,computational,60C,3,0.2134,0.2135,0.0018,0.2111,0.2156,2.1,1,1,dimensionless
DMPC,order_param_SCD_plateau,sn-1,experimental,25C,3,0.2143,0.214,0.0021,0.212,0.217,2.3,1,0,dimensionless
DMPC,order_param_SCD_plateau,sn-2,experimental,25C,3,0.2013,0.2,0.005,0.196,0.208,6.0,1,0,dimensionless
DMPC,order_param_SCD_plateau,sn-1,experimental,30C,1,0.21,0.21,0.0,0.21,0.21,0.0,0,0,dimensionless
DMPC,order_param_SCD_plateau,sn-1,experimental,40C,5,0.2142,0.21,0.0352,0.175,0.276,47.2,3,0,dimensionless
DMPC,order_param_SCD_plateau,sn-2,experimental,40C,5,0.2132,0.2,0.0348,0.178,0.276,46.0,3,0,dimensionless
DMPC:BOG (1:1),order_param_SCD_plateau,sn-1,computational,30C,1,0.247,0.247,0.0,0.247,0.247,0.0,1,1,dimensionless
DMPC:BOG (1:1),order_param_SCD_plateau,sn-2,computational,30C,1,0.2368,0.2368,0.0,0.2368,0.2368,0.0,1,1,dimensionless
DMPC:BOG (2:1),order_param_SCD_plateau,sn-1,computational,30C,1,0.2454,0.2454,0.0,0.2454,0.2454,0.0,1,1,dimensionless
DMPC:BOG (2:1),order_param_SCD_plateau,sn-2,computational,30C,1,0.2426,0.2426,0.0,0.2426,0.2426,0.0,1,1,dimensionless
DMPC:BOG (3:2),order_param_SCD_plateau,sn-1,computational,30C,1,0.2444,0.2444,0.0,0.2444,0.2444,0.0,1,1,dimensionless
DMPC:BOG (3:2),order_param_SCD_plateau,sn-2,computational,30C,1,0.238,0.238,0.0,0.238,0.238,0.0,1,1,dimensionless
DMPC:DMTAP (15:1),order_param_SCD_plateau,sn-1,computational,50C,4,0.2114,0.2146,0.019,0.1841,0.2321,22.7,2,1,dimensionless
DMPC:DMTAP (15:1),order_param_SCD_plateau,sn-2,computational,50C,4,0.2133,0.2136,0.0182,0.1914,0.2347,20.3,2,1,dimensionless
DMPC:DMTAP (1:1),order_param_SCD_plateau,sn-1,computational,50C,6,0.243,0.2435,0.0043,0.2362,0.25,5.7,3,1,dimensionless
DMPC:DMTAP (1:1),order_param_SCD_plateau,sn-2,computational,50C,6,0.2435,0.2432,0.0036,0.2382,0.2484,4.2,3,1,dimensionless
DMPC:DMTAP (1:3),order_param_SCD_plateau,sn-1,computational,50C,8,0.215,0.215,0.0055,0.2072,0.2242,7.9,4,1,dimensionless
DMPC:DMTAP (1:3),order_param_SCD_plateau,sn-2,computational,50C,8,0.2111,0.211,0.0044,0.2049,0.2189,6.6,4,1,dimensionless
DMPC:SAPI:POPI:SLIPI (90:23:8:7),order_param_SCD_plateau,sn-1,computational,30C,4,0.2325,0.2342,0.0074,0.2209,0.2407,8.5,1,1,dimensionless
DMPC:SAPI:POPI:SLIPI (90:23:8:7),order_param_SCD_plateau,sn-2,computational,30C,4,0.2084,0.2216,0.0413,0.1402,0.2504,52.9,1,1,dimensionless
DOPC,order_param_SCD_plateau,sn-1,computational,20C,3,0.2116,0.2124,0.0021,0.2088,0.2137,2.3,1,1,dimensionless
DOPC,order_param_SCD_plateau,sn-2,computational,20C,3,0.2041,0.2043,0.0009,0.203,0.2051,1.0,1,1,dimensionless
DOPC,order_param_SCD_plateau,sn-1,computational,25C,4,0.2048,0.2092,0.0086,0.19,0.2108,10.2,2,2,dimensionless
DOPC,order_param_SCD_plateau,sn-2,computational,25C,4,0.1948,0.2019,0.0139,0.1708,0.2045,17.3,2,2,dimensionless
DOPC,order_param_SCD_plateau,sn-1,computational,30C,8,0.1693,0.1468,0.0309,0.144,0.2101,39.0,6,2,dimensionless
DOPC,order_param_SCD_plateau,sn-2,computational,30C,8,0.1669,0.1482,0.0257,0.1456,0.2013,33.4,6,2,dimensionless
DOPC,order_param_SCD_plateau,sn-1,computational,35C,3,0.2173,0.219,0.0062,0.209,0.2238,6.8,2,2,dimensionless
DOPC,order_param_SCD_plateau,sn-2,computational,35C,3,0.1913,0.1956,0.0076,0.1806,0.1978,9.0,2,2,dimensionless
DOPC,order_param_SCD_plateau,sn-1,computational,40C,3,0.2073,0.2066,0.002,0.2053,0.21,2.3,1,1,dimensionless
DOPC,order_param_SCD_plateau,sn-2,computational,40C,3,0.196,0.1945,0.0025,0.1941,0.1995,2.8,1,1,dimensionless
DOPC,order_param_SCD_plateau,sn-1,computational,50C,3,0.2048,0.2043,0.0017,0.203,0.207,2.0,1,1,dimensionless
DOPC,order_param_SCD_plateau,sn-2,computational,50C,3,0.1923,0.1911,0.0024,0.1902,0.1957,2.9,1,1,dimensionless
DOPC,order_param_SCD_plateau,sn-1,computational,60C,3,0.2023,0.2006,0.0027,0.2002,0.2061,2.9,1,1,dimensionless
DOPC,order_param_SCD_plateau,sn-2,computational,60C,3,0.1877,0.1875,0.0018,0.1855,0.19,2.4,1,1,dimensionless
DOPC,order_param_SCD_plateau,sn-1,experimental,30C,1,0.1908,0.1908,0.0,0.1908,0.1908,0.0,1,0,dimensionless
DOPC,order_param_SCD_plateau,sn-2,experimental,30C,1,0.1722,0.1722,0.0,0.1722,0.1722,0.0,1,0,dimensionless
DOPC:CHOL (32:13),order_param_SCD_plateau,sn-1,computational,60C,3,0.2329,0.2327,0.0014,0.2312,0.2347,1.5,1,1,dimensionless
DOPC:CHOL (32:13),order_param_SCD_plateau,sn-2,computational,60C,3,0.2408,0.2395,0.0023,0.2389,0.2441,2.2,1,1,dimensionless
DOPC:CHOL (4:1),order_param_SCD_plateau,sn-1,computational,60C,3,0.2202,0.2196,0.0012,0.2191,0.2219,1.3,1,1,dimensionless
DOPC:CHOL (4:1),order_param_SCD_plateau,sn-2,computational,60C,3,0.2207,0.2215,0.0015,0.2187,0.222,1.5,1,1,dimensionless
DOPC:CHOL (8:1),order_param_SCD_plateau,sn-1,computational,60C,3,0.2117,0.212,0.0013,0.21,0.2131,1.5,1,1,dimensionless
DOPC:CHOL (8:1),order_param_SCD_plateau,sn-2,computational,60C,3,0.2046,0.2049,0.0014,0.2028,0.2061,1.6,1,1,dimensionless
DOPC:CHOL (8:5),order_param_SCD_plateau,sn-1,computational,60C,3,0.2621,0.261,0.0029,0.2592,0.266,2.6,1,1,dimensionless
DOPC:CHOL (8:5),order_param_SCD_plateau,sn-2,computational,60C,3,0.2651,0.2651,0.0023,0.2623,0.2679,2.1,1,1,dimensionless
DOPC:CHOL (8:7),order_param_SCD_plateau,sn-1,computational,60C,3,0.2858,0.2839,0.0028,0.2838,0.2897,2.1,1,1,dimensionless
DOPC:CHOL (8:7),order_param_SCD_plateau,sn-2,computational,60C,3,0.2846,0.283,0.0028,0.2823,0.2886,2.2,1,1,dimensionless
DOPC:DOPE (1:1),order_param_SCD_plateau,sn-1,computational,25C,2,0.195,0.195,0.0014,0.1936,0.1964,1.4,1,1,dimensionless
DOPC:DOPE (1:1),order_param_SCD_plateau,sn-2,computational,25C,2,0.177,0.177,0.0003,0.1767,0.1772,0.3,1,1,dimensionless
DOPE,order_param_SCD_plateau,sn-1,computational,0C,6,0.2786,0.2754,0.0123,0.2628,0.2978,12.6,3,2,dimensionless
DOPE,order_param_SCD_plateau,sn-2,computational,0C,6,0.2699,0.2633,0.0145,0.2558,0.2954,14.7,3,2,dimensionless
DOPG:PYPE:PVCL (4:15:1),order_param_SCD_plateau,sn-1,computational,35C,2,0.2308,0.2308,0.0081,0.2227,0.2388,7.0,1,1,dimensionless
DOPG:PYPE:PVCL (4:15:1),order_param_SCD_plateau,sn-2,computational,35C,2,0.2264,0.2264,0.0036,0.2228,0.23,3.2,1,1,dimensionless
DOPS,order_param_SCD_plateau,sn-1,computational,30C,13,0.2418,0.2298,0.0354,0.2125,0.3255,46.7,7,4,dimensionless
DOPS,order_param_SCD_plateau,sn-2,computational,30C,13,0.2335,0.2196,0.0383,0.1983,0.3214,52.7,7,4,dimensionless
DPPC,order_param_SCD_plateau,sn-1,computational,15C,4,0.2851,0.2842,0.0493,0.232,0.3399,37.9,3,1,dimensionless
DPPC,order_param_SCD_plateau,sn-2,computational,15C,4,0.2755,0.2757,0.0597,0.2084,0.3421,48.5,3,1,dimensionless
DPPC,order_param_SCD_plateau,sn-1,computational,20C,2,0.3687,0.3687,0.0139,0.3548,0.3826,7.5,1,1,dimensionless
DPPC,order_param_SCD_plateau,sn-2,computational,20C,2,0.3712,0.3712,0.0048,0.3664,0.3759,2.6,1,1,dimensionless
DPPC,order_param_SCD_plateau,sn-1,computational,25C,2,0.3284,0.3284,0.0074,0.321,0.3359,4.5,2,2,dimensionless
DPPC,order_param_SCD_plateau,sn-2,computational,25C,2,0.3397,0.3397,0.0195,0.3202,0.3592,11.5,2,2,dimensionless
DPPC,order_param_SCD_plateau,sn-1,computational,30C,1,0.2874,0.2874,0.0,0.2874,0.2874,0.0,1,1,dimensionless
DPPC,order_param_SCD_plateau,sn-2,computational,30C,1,0.2872,0.2872,0.0,0.2872,0.2872,0.0,1,1,dimensionless
DPPC,order_param_SCD_plateau,sn-1,computational,35C,2,0.266,0.266,0.0299,0.2361,0.2959,22.5,2,2,dimensionless
DPPC,order_param_SCD_plateau,sn-2,computational,35C,2,0.2652,0.2652,0.0407,0.2245,0.3058,30.7,2,2,dimensionless
DPPC,order_param_SCD_plateau,sn-1,computational,40C,1,0.3826,0.3826,0.0,0.3826,0.3826,0.0,1,1,dimensionless
DPPC,order_param_SCD_plateau,sn-2,computational,40C,1,0.382,0.382,0.0,0.382,0.382,0.0,1,1,dimensionless
DPPC,order_param_SCD_plateau,sn-1,computational,45C,5,0.3079,0.3093,0.0165,0.2858,0.3304,14.5,4,1,dimensionless
DPPC,order_param_SCD_plateau,sn-2,computational,45C,5,0.3105,0.3106,0.0157,0.2906,0.3332,13.7,4,1,dimensionless
DPPC,order_param_SCD_plateau,sn-1,computational,50C,27,0.2253,0.2339,0.0208,0.1845,0.2677,36.9,22,6,dimensionless
DPPC,order_param_SCD_plateau,sn-2,computational,50C,27,0.222,0.2271,0.0195,0.1857,0.2585,32.8,22,6,dimensionless
DPPC,order_param_SCD_plateau,sn-1,computational,55C,1,0.2315,0.2315,0.0,0.2315,0.2315,0.0,1,1,dimensionless
DPPC,order_param_SCD_plateau,sn-2,computational,55C,1,0.2282,0.2282,0.0,0.2282,0.2282,0.0,1,1,dimensionless
DPPC,order_param_SCD_plateau,sn-1,computational,60C,7,0.2284,0.2277,0.0067,0.2188,0.2399,9.2,2,2,dimensionless
DPPC,order_param_SCD_plateau,sn-2,computational,60C,7,0.2163,0.2241,0.0167,0.1899,0.2306,18.8,2,2,dimensionless
DPPC,order_param_SCD_plateau,sn-1,computational,65C,3,0.2276,0.2272,0.0012,0.2263,0.2292,1.3,2,1,dimensionless
DPPC,order_param_SCD_plateau,sn-2,computational,65C,3,0.2228,0.2222,0.001,0.222,0.2242,1.0,2,1,dimensionless
DPPC,order_param_SCD_plateau,sn-1,computational,75C,1,0.2209,0.2209,0.0,0.2209,0.2209,0.0,1,1,dimensionless
DPPC,order_param_SCD_plateau,sn-2,computational,75C,1,0.2128,0.2128,0.0,0.2128,0.2128,0.0,1,1,dimensionless
DPPC,order_param_SCD_plateau,sn-1,computational,85C,2,0.2161,0.2161,0.0001,0.216,0.2162,0.1,2,1,dimensionless
DPPC,order_param_SCD_plateau,sn-2,computational,85C,2,0.2034,0.2034,0.0001,0.2033,0.2035,0.1,2,1,dimensionless
DPPC:C20 (6:1),order_param_SCD_plateau,sn-1,computational,60C,8,0.2254,0.223,0.0046,0.2193,0.2318,5.5,1,2,dimensionless
DPPC:C20 (6:1),order_param_SCD_plateau,sn-2,computational,60C,8,0.2074,0.1949,0.0209,0.1873,0.235,23.0,1,2,dimensionless
DPPC:C30 (18:1),order_param_SCD_plateau,sn-1,computational,70C,4,0.22,0.2201,0.0027,0.2173,0.2227,2.5,1,2,dimensionless
DPPC:C30 (18:1),order_param_SCD_plateau,sn-2,computational,70C,4,0.2001,0.2002,0.0178,0.182,0.2179,17.9,1,2,dimensionless
DPPC:CHOL (19:5),order_param_SCD_plateau,sn-1,computational,35C,2,0.365,0.365,0.0009,0.3641,0.3659,0.5,2,1,dimensionless
DPPC:CHOL (19:5),order_param_SCD_plateau,sn-2,computational,35C,2,0.3702,0.3702,0.0009,0.3693,0.3711,0.5,2,1,dimensionless
DPPC:CHOL (43:5),order_param_SCD_plateau,sn-1,computational,20C,2,0.3934,0.3934,0.0,0.3934,0.3935,0.0,2,1,dimensionless
DPPC:CHOL (43:5),order_param_SCD_plateau,sn-2,computational,20C,2,0.3968,0.3968,0.0,0.3967,0.3968,0.0,2,1,dimensionless
DPPC:CHOL (43:5),order_param_SCD_plateau,sn-1,computational,30C,1,0.3437,0.3437,0.0,0.3437,0.3437,0.0,1,1,dimensionless
DPPC:CHOL (43:5),order_param_SCD_plateau,sn-2,computational,30C,1,0.3463,0.3463,0.0,0.3463,0.3463,0.0,1,1,dimensionless
DPPC:CHOL (43:5),order_param_SCD_plateau,sn-1,computational,35C,2,0.3068,0.3068,0.0005,0.3063,0.3073,0.3,2,1,dimensionless
DPPC:CHOL (43:5),order_param_SCD_plateau,sn-2,computational,35C,2,0.308,0.308,0.0005,0.3075,0.3085,0.3,2,1,dimensionless
DPPC:CHOL (43:5),order_param_SCD_plateau,sn-1,computational,40C,1,0.2714,0.2714,0.0,0.2714,0.2714,0.0,1,1,dimensionless
DPPC:CHOL (43:5),order_param_SCD_plateau,sn-2,computational,40C,1,0.272,0.272,0.0,0.272,0.272,0.0,1,1,dimensionless
DPPC:CHOL (43:5),order_param_SCD_plateau,sn-1,computational,45C,1,0.2576,0.2576,0.0,0.2576,0.2576,0.0,1,1,dimensionless
DPPC:CHOL (43:5),order_param_SCD_plateau,sn-2,computational,45C,1,0.2575,0.2575,0.0,0.2575,0.2575,0.0,1,1,dimensionless
DPPC:CHOL (61:11),order_param_SCD_plateau,sn-1,computational,35C,1,0.3259,0.3259,0.0,0.3259,0.3259,0.0,1,1,dimensionless
DPPC:CHOL (61:11),order_param_SCD_plateau,sn-2,computational,35C,1,0.3276,0.3276,0.0,0.3276,0.3276,0.0,1,1,dimensionless
DPPC:CHOL (61:11),order_param_SCD_plateau,sn-1,computational,40C,1,0.2917,0.2917,0.0,0.2917,0.2917,0.0,1,1,dimensionless
DPPC:CHOL (61:11),order_param_SCD_plateau,sn-2,computational,40C,1,0.2935,0.2935,0.0,0.2935,0.2935,0.0,1,1,dimensionless
DPPC:CHOL (98:13),order_param_SCD_plateau,sn-1,computational,35C,1,0.1456,0.1456,0.0,0.1456,0.1456,0.0,1,1,dimensionless
DPPC:CHOL (98:13),order_param_SCD_plateau,sn-2,computational,35C,1,0.1457,0.1457,0.0,0.1457,0.1457,0.0,1,1,dimensionless
DPPC:CHOL:DOPC (102:26:83),order_param_SCD_plateau,sn-1,computational,20C,2,0.1472,0.1472,0.0422,0.105,0.1895,57.4,1,1,dimensionless
DPPC:CHOL:DOPC (102:26:83),order_param_SCD_plateau,sn-2,computational,20C,2,0.1357,0.1357,0.0545,0.0812,0.1902,80.3,1,1,dimensionless
DPPC:CHOL:DOPC (102:26:83),order_param_SCD_plateau,sn-1,computational,35C,4,0.2793,0.278,0.0529,0.2195,0.3417,43.8,1,1,dimensionless
DPPC:CHOL:DOPC (102:26:83),order_param_SCD_plateau,sn-2,computational,35C,4,0.2671,0.2688,0.0681,0.1856,0.3452,59.7,1,1,dimensionless
DPPC:DCHOL (43:5),order_param_SCD_plateau,sn-1,computational,35C,1,0.2794,0.2794,0.0,0.2794,0.2794,0.0,1,1,dimensionless
DPPC:DCHOL (43:5),order_param_SCD_plateau,sn-2,computational,35C,1,0.2791,0.2791,0.0,0.2791,0.2791,0.0,1,1,dimensionless
DPPC:DCHOL (98:13),order_param_SCD_plateau,sn-1,computational,35C,1,0.1404,0.1404,0.0,0.1404,0.1404,0.0,1,1,dimensionless
DPPC:DCHOL (98:13),order_param_SCD_plateau,sn-2,computational,35C,1,0.1409,0.1409,0.0,0.1409,0.1409,0.0,1,1,dimensionless
DPPE,order_param_SCD_plateau,sn-1,computational,65C,1,0.2728,0.2728,0.0,0.2728,0.2728,0.0,1,1,dimensionless
DPPE,order_param_SCD_plateau,sn-2,computational,65C,1,0.269,0.269,0.0,0.269,0.269,0.0,1,1,dimensionless
DPPE,order_param_SCD_plateau,sn-1,computational,70C,3,0.2832,0.2457,0.0542,0.244,0.3599,40.9,2,2,dimensionless
DPPE,order_param_SCD_plateau,sn-2,computational,70C,3,0.2844,0.2462,0.0543,0.2459,0.3612,40.5,2,2,dimensionless
DPPG,order_param_SCD_plateau,sn-1,computational,25C,1,0.3229,0.3229,0.0,0.3229,0.3229,0.0,1,1,dimensionless
DPPG,order_param_SCD_plateau,sn-2,computational,25C,1,0.3187,0.3187,0.0,0.3187,0.3187,0.0,1,1,dimensionless
DPPG,order_param_SCD_plateau,sn-1,computational,40C,1,0.2251,0.2251,0.0,0.2251,0.2251,0.0,1,1,dimensionless
DPPG,order_param_SCD_plateau,sn-2,computational,40C,1,0.221,0.221,0.0,0.221,0.221,0.0,1,1,dimensionless
DRPC,order_param_SCD_plateau,sn-1,computational,60C,3,0.2023,0.2018,0.0025,0.1995,0.2056,3.0,1,1,dimensionless
DRPC,order_param_SCD_plateau,sn-2,computational,60C,3,0.1814,0.1807,0.0023,0.1789,0.1845,3.1,1,1,dimensionless
DSPC,order_param_SCD_plateau,sn-1,computational,60C,1,0.3521,0.3521,0.0,0.3521,0.3521,0.0,1,1,dimensionless
DSPC,order_param_SCD_plateau,sn-2,computational,60C,1,0.353,0.353,0.0,0.353,0.353,0.0,1,1,dimensionless
DSPC,order_param_SCD_plateau,sn-1,computational,65C,1,0.2324,0.2324,0.0,0.2324,0.2324,0.0,1,1,dimensionless
DSPC,order_param_SCD_plateau,sn-2,computational,65C,1,0.2335,0.2335,0.0,0.2335,0.2335,0.0,1,1,dimensionless
DYPC,order_param_SCD_plateau,sn-1,computational,60C,3,0.2023,0.2017,0.0022,0.2,0.2053,2.6,1,1,dimensionless
DYPC,order_param_SCD_plateau,sn-2,computational,60C,3,0.185,0.1846,0.0016,0.1832,0.1871,2.1,1,1,dimensionless
ERG:POPC:SM16 (26:51:51),order_param_SCD_plateau,sn-1,computational,20C,1,0.3321,0.3321,0.0,0.3321,0.3321,0.0,1,1,dimensionless
ERG:POPC:SM16 (26:51:51),order_param_SCD_plateau,sn-2,computational,20C,1,0.2972,0.2972,0.0,0.2972,0.2972,0.0,1,1,dimensionless
ERG:POPC:SM16 (38:45:44),order_param_SCD_plateau,sn-1,computational,20C,1,0.3885,0.3885,0.0,0.3885,0.3885,0.0,1,1,dimensionless
ERG:POPC:SM16 (38:45:44),order_param_SCD_plateau,sn-2,computational,20C,1,0.3394,0.3394,0.0,0.3394,0.3394,0.0,1,1,dimensionless
PAPC,order_param_SCD_plateau,sn-1,computational,30C,2,0.208,0.208,0.0011,0.2069,0.2092,1.1,1,1,dimensionless
PAPC,order_param_SCD_plateau,sn-2,computational,30C,2,0.129,0.129,0.0003,0.1287,0.1292,0.4,1,1,dimensionless
PAPC,order_param_SCD_plateau,sn-1,experimental,25C,1,0.2099,0.2099,0.0,0.2099,0.2099,0.0,0,0,dimensionless
PAPC,order_param_SCD_plateau,sn-2,experimental,25C,1,0.1936,0.1936,0.0,0.1936,0.1936,0.0,0,0,dimensionless
PAPC,order_param_SCD_plateau,sn-1,experimental,30C,1,0.187,0.187,0.0,0.187,0.187,0.0,0,0,dimensionless
PAPC,order_param_SCD_plateau,sn-2,experimental,30C,1,0.092,0.092,0.0,0.092,0.092,0.0,0,0,dimensionless
PAPC,order_param_SCD_plateau,sn-1,experimental,35C,1,0.195,0.195,0.0,0.195,0.195,0.0,0,0,dimensionless
PDPC,order_param_SCD_plateau,sn-1,computational,30C,2,0.2098,0.2098,0.0002,0.2096,0.21,0.2,1,1,dimensionless
PDPC,order_param_SCD_plateau,sn-2,computational,30C,2,0.1078,0.1078,0.0004,0.1073,0.1082,0.8,1,1,dimensionless
PILPC,order_param_SCD_plateau,sn-1,computational,30C,2,0.2182,0.2182,0.0005,0.2177,0.2188,0.5,1,1,dimensionless
PILPC,order_param_SCD_plateau,sn-2,computational,30C,2,0.1576,0.1576,0.0001,0.1575,0.1577,0.1,1,1,dimensionless
PILPC,order_param_SCD_plateau,sn-2,experimental,10C,1,0.143,0.143,0.0,0.143,0.143,0.0,0,0,dimensionless
PILPC,order_param_SCD_plateau,sn-2,experimental,20C,1,0.139,0.139,0.0,0.139,0.139,0.0,0,0,dimensionless
PILPC,order_param_SCD_plateau,sn-2,experimental,30C,1,0.134,0.134,0.0,0.134,0.134,0.0,0,0,dimensionless
PILPC,order_param_SCD_plateau,sn-2,experimental,40C,1,0.1298,0.1298,0.0,0.1298,0.1298,0.0,0,0,dimensionless
POPC,order_param_SCD_plateau,sn-1,computational,25C,95,0.2266,0.2217,0.0323,0.1583,0.4,106.7,78,10,dimensionless
POPC,order_param_SCD_plateau,sn-2,computational,25C,95,0.2082,0.2089,0.0337,0.106,0.3669,125.3,78,10,dimensionless
POPC,order_param_SCD_plateau,sn-1,computational,30C,51,0.2315,0.2248,0.0202,0.1763,0.287,47.8,39,6,dimensionless
POPC,order_param_SCD_plateau,sn-2,computational,30C,51,0.21,0.2104,0.0207,0.154,0.2477,44.6,39,6,dimensionless
POPC,order_param_SCD_plateau,sn-1,computational,35C,65,0.2313,0.2236,0.0233,0.192,0.3394,63.7,42,7,dimensionless
POPC,order_param_SCD_plateau,sn-2,computational,35C,65,0.212,0.2075,0.0277,0.1761,0.3394,77.0,42,7,dimensionless
POPC,order_param_SCD_plateau,sn-1,computational,40C,36,0.2261,0.2258,0.0044,0.218,0.2417,10.5,6,3,dimensionless
POPC,order_param_SCD_plateau,sn-2,computational,40C,36,0.2231,0.2255,0.0114,0.1752,0.2417,29.8,6,3,dimensionless
POPC,order_param_SCD_plateau,sn-1,computational,55C,2,0.2226,0.2226,0.0044,0.2182,0.227,4.0,2,1,dimensionless
POPC,order_param_SCD_plateau,sn-2,computational,55C,2,0.1914,0.1914,0.0127,0.1787,0.2041,13.3,2,1,dimensionless
POPC,order_param_SCD_plateau,sn-1,computational,75C,2,0.2155,0.2155,0.0023,0.2132,0.2178,2.1,2,1,dimensionless
POPC,order_param_SCD_plateau,sn-2,computational,75C,2,0.1806,0.1806,0.0138,0.1668,0.1944,15.3,2,1,dimensionless
POPC,order_param_SCD_plateau,sn-1,computational,95C,2,0.2102,0.2102,0.0039,0.2063,0.2142,3.8,2,1,dimensionless
POPC,order_param_SCD_plateau,sn-2,computational,95C,2,0.1709,0.1709,0.0116,0.1593,0.1825,13.6,2,1,dimensionless
POPC,order_param_SCD_plateau,sn-1,experimental,25C,10,0.2702,0.2542,0.0677,0.197,0.391,71.8,2,0,dimensionless
POPC,order_param_SCD_plateau,sn-2,experimental,25C,10,0.2463,0.2346,0.0561,0.172,0.3513,72.8,2,0,dimensionless
POPC:CER (256:25),order_param_SCD_plateau,sn-1,computational,35C,4,0.2399,0.2399,0.0094,0.2304,0.2493,7.9,2,1,dimensionless
POPC:CER (256:25),order_param_SCD_plateau,sn-2,computational,35C,4,0.2279,0.2278,0.0071,0.2206,0.2354,6.5,2,1,dimensionless
POPC:CER (4:1),order_param_SCD_plateau,sn-1,computational,35C,2,0.2609,0.2609,0.0067,0.2542,0.2675,5.1,1,1,dimensionless
POPC:CER (4:1),order_param_SCD_plateau,sn-2,computational,35C,2,0.2516,0.2516,0.0105,0.2411,0.2622,8.4,1,1,dimensionless
POPC:CHOL (100:11),order_param_SCD_plateau,sn-1,computational,35C,1,0.2335,0.2335,0.0,0.2335,0.2335,0.0,1,1,dimensionless
POPC:CHOL (100:11),order_param_SCD_plateau,sn-2,computational,35C,1,0.2044,0.2044,0.0,0.2044,0.2044,0.0,1,1,dimensionless
POPC:CHOL (100:43),order_param_SCD_plateau,sn-1,computational,35C,1,0.3052,0.3052,0.0,0.3052,0.3052,0.0,1,1,dimensionless
POPC:CHOL (100:43),order_param_SCD_plateau,sn-2,computational,35C,1,0.2657,0.2657,0.0,0.2657,0.2657,0.0,1,1,dimensionless
POPC:CHOL (100:67),order_param_SCD_plateau,sn-1,computational,35C,1,0.345,0.345,0.0,0.345,0.345,0.0,1,1,dimensionless
POPC:CHOL (100:67),order_param_SCD_plateau,sn-2,computational,35C,1,0.2959,0.2959,0.0,0.2959,0.2959,0.0,1,1,dimensionless
POPC:CHOL (13:19),order_param_SCD_plateau,sn-1,computational,30C,1,0.4104,0.4104,0.0,0.4104,0.4104,0.0,1,1,dimensionless
POPC:CHOL (13:19),order_param_SCD_plateau,sn-2,computational,30C,1,0.3548,0.3548,0.0,0.3548,0.3548,0.0,1,1,dimensionless
POPC:CHOL (13:19),order_param_SCD_plateau,sn-1,computational,35C,1,0.4192,0.4192,0.0,0.4192,0.4192,0.0,1,1,dimensionless
POPC:CHOL (13:19),order_param_SCD_plateau,sn-2,computational,35C,1,0.6902,0.6902,0.0,0.6902,0.6902,0.0,1,1,dimensionless
POPC:CHOL (15:1),order_param_SCD_plateau,sn-1,computational,25C,1,0.2211,0.2211,0.0,0.2211,0.2211,0.0,1,1,dimensionless
POPC:CHOL (15:1),order_param_SCD_plateau,sn-2,computational,25C,1,0.1954,0.1954,0.0,0.1954,0.1954,0.0,1,1,dimensionless
POPC:CHOL (15:1),order_param_SCD_plateau,sn-1,computational,30C,1,0.2516,0.2516,0.0,0.2516,0.2516,0.0,1,1,dimensionless
POPC:CHOL (15:1),order_param_SCD_plateau,sn-2,computational,30C,1,0.198,0.198,0.0,0.198,0.198,0.0,1,1,dimensionless
POPC:CHOL (19:13),order_param_SCD_plateau,sn-1,computational,35C,1,0.3747,0.3747,0.0,0.3747,0.3747,0.0,1,1,dimensionless
POPC:CHOL (19:13),order_param_SCD_plateau,sn-2,computational,35C,1,0.6801,0.6801,0.0,0.6801,0.6801,0.0,1,1,dimensionless
POPC:CHOL (1:1),order_param_SCD_plateau,sn-1,computational,25C,1,0.4208,0.4208,0.0,0.4208,0.4208,0.0,1,1,dimensionless
POPC:CHOL (1:1),order_param_SCD_plateau,sn-2,computational,25C,1,0.3461,0.3461,0.0,0.3461,0.3461,0.0,1,1,dimensionless
POPC:CHOL (1:1),order_param_SCD_plateau,sn-1,computational,30C,3,0.3988,0.3939,0.0116,0.3877,0.4148,6.8,3,3,dimensionless
POPC:CHOL (1:1),order_param_SCD_plateau,sn-2,computational,30C,3,0.3396,0.3361,0.0069,0.3335,0.3492,4.6,3,3,dimensionless
POPC:CHOL (1:1),order_param_SCD_plateau,sn-1,computational,35C,2,0.3879,0.3879,0.0126,0.3753,0.4005,6.5,2,2,dimensionless
POPC:CHOL (1:1),order_param_SCD_plateau,sn-2,computational,35C,2,0.5158,0.5158,0.195,0.3208,0.7109,75.6,2,2,dimensionless
POPC:CHOL (21:11),order_param_SCD_plateau,sn-1,computational,25C,1,0.3665,0.3665,0.0,0.3665,0.3665,0.0,1,1,dimensionless
POPC:CHOL (21:11),order_param_SCD_plateau,sn-2,computational,25C,1,0.297,0.297,0.0,0.297,0.297,0.0,1,1,dimensionless
POPC:CHOL (21:11),order_param_SCD_plateau,sn-1,computational,30C,1,0.3487,0.3487,0.0,0.3487,0.3487,0.0,1,1,dimensionless
POPC:CHOL (21:11),order_param_SCD_plateau,sn-2,computational,30C,1,0.2984,0.2984,0.0,0.2984,0.2984,0.0,1,1,dimensionless
POPC:CHOL (25:39),order_param_SCD_plateau,sn-1,computational,25C,1,0.4269,0.4269,0.0,0.4269,0.4269,0.0,1,1,dimensionless
POPC:CHOL (25:39),order_param_SCD_plateau,sn-2,computational,25C,1,0.3266,0.3266,0.0,0.3266,0.3266,0.0,1,1,dimensionless
POPC:CHOL (27:5),order_param_SCD_plateau,sn-1,computational,30C,1,0.2616,0.2616,0.0,0.2616,0.2616,0.0,1,1,dimensionless
POPC:CHOL (27:5),order_param_SCD_plateau,sn-2,computational,30C,1,0.2208,0.2208,0.0,0.2208,0.2208,0.0,1,1,dimensionless
POPC:CHOL (32:13),order_param_SCD_plateau,sn-1,computational,25C,12,0.3377,0.3439,0.0232,0.3021,0.3686,19.7,4,4,dimensionless
POPC:CHOL (32:13),order_param_SCD_plateau,sn-2,computational,25C,12,0.2891,0.2862,0.0197,0.2653,0.3189,18.5,4,4,dimensionless
POPC:CHOL (4:1),order_param_SCD_plateau,sn-1,computational,25C,12,0.2897,0.2866,0.0103,0.2773,0.3071,10.3,4,4,dimensionless
POPC:CHOL (4:1),order_param_SCD_plateau,sn-2,computational,25C,12,0.2499,0.2432,0.0187,0.2286,0.2819,21.3,4,4,dimensionless
POPC:CHOL (4:1),order_param_SCD_plateau,sn-1,computational,35C,1,0.2645,0.2645,0.0,0.2645,0.2645,0.0,1,1,dimensionless
POPC:CHOL (4:1),order_param_SCD_plateau,sn-2,computational,35C,1,0.2336,0.2336,0.0,0.2336,0.2336,0.0,1,1,dimensionless
POPC:CHOL (55:9),order_param_SCD_plateau,sn-1,computational,25C,1,0.2664,0.2664,0.0,0.2664,0.2664,0.0,1,1,dimensionless
POPC:CHOL (55:9),order_param_SCD_plateau,sn-2,computational,25C,1,0.2287,0.2287,0.0,0.2287,0.2287,0.0,1,1,dimensionless
POPC:CHOL (57:7),order_param_SCD_plateau,sn-1,computational,35C,1,0.2204,0.2204,0.0,0.2204,0.2204,0.0,1,1,dimensionless
POPC:CHOL (57:7),order_param_SCD_plateau,sn-2,computational,35C,1,0.3986,0.3986,0.0,0.3986,0.3986,0.0,1,1,dimensionless
POPC:CHOL (7:3),order_param_SCD_plateau,sn-1,computational,30C,3,0.3422,0.3388,0.0088,0.3335,0.3542,6.0,3,1,dimensionless
POPC:CHOL (7:3),order_param_SCD_plateau,sn-2,computational,30C,3,0.3129,0.3119,0.0068,0.3052,0.3217,5.3,3,1,dimensionless
POPC:CHOL (8:1),order_param_SCD_plateau,sn-1,computational,25C,12,0.252,0.2537,0.012,0.2346,0.2688,13.6,4,4,dimensionless
POPC:CHOL (8:1),order_param_SCD_plateau,sn-2,computational,25C,12,0.2175,0.2125,0.0167,0.1988,0.2462,21.8,4,4,dimensionless
POPC:CHOL (8:5),order_param_SCD_plateau,sn-1,computational,25C,12,0.3815,0.3818,0.0227,0.3501,0.4147,16.9,4,4,dimensionless
POPC:CHOL (8:5),order_param_SCD_plateau,sn-2,computational,25C,12,0.3232,0.3228,0.0188,0.2996,0.3462,14.4,4,4,dimensionless
POPC:CHOL (8:7),order_param_SCD_plateau,sn-1,computational,25C,12,0.4023,0.3983,0.0164,0.3854,0.4293,10.9,4,4,dimensionless
POPC:CHOL (8:7),order_param_SCD_plateau,sn-2,computational,25C,12,0.3411,0.3468,0.0153,0.3158,0.3563,11.9,4,4,dimensionless
POPC:CHOL:SAPI25 (119:23:8),order_param_SCD_plateau,sn-1,computational,25C,1,0.283,0.283,0.0,0.283,0.283,0.0,1,1,dimensionless
POPC:CHOL:SAPI25 (119:23:8),order_param_SCD_plateau,sn-2,computational,25C,1,0.2627,0.2627,0.0,0.2627,0.2627,0.0,1,1,dimensionless
POPC:CHOL:SAPI25 (127:15:8),order_param_SCD_plateau,sn-1,computational,25C,1,0.2598,0.2598,0.0,0.2598,0.2598,0.0,1,1,dimensionless
POPC:CHOL:SAPI25 (127:15:8),order_param_SCD_plateau,sn-2,computational,25C,1,0.2447,0.2447,0.0,0.2447,0.2447,0.0,1,1,dimensionless
POPC:CHOL:SAPI25 (67:75:8),order_param_SCD_plateau,sn-1,computational,25C,1,0.4065,0.4065,0.0,0.4065,0.4065,0.0,1,1,dimensionless
POPC:CHOL:SAPI25 (67:75:8),order_param_SCD_plateau,sn-2,computational,25C,1,0.3583,0.3583,0.0,0.3583,0.3583,0.0,1,1,dimensionless
POPC:CHOL:SAPI25 (97:45:8),order_param_SCD_plateau,sn-1,computational,25C,1,0.3571,0.3571,0.0,0.3571,0.3571,0.0,1,1,dimensionless
POPC:CHOL:SAPI25 (97:45:8),order_param_SCD_plateau,sn-2,computational,25C,1,0.3207,0.3207,0.0,0.3207,0.3207,0.0,1,1,dimensionless
POPC:CHOL:SM16 (51:26:51),order_param_SCD_plateau,sn-1,computational,20C,1,0.3513,0.3513,0.0,0.3513,0.3513,0.0,1,1,dimensionless
POPC:CHOL:SM16 (51:26:51),order_param_SCD_plateau,sn-2,computational,20C,1,0.3148,0.3148,0.0,0.3148,0.3148,0.0,1,1,dimensionless
POPC:DHMDMAB (10:3),order_param_SCD_plateau,sn-1,computational,40C,2,0.2172,0.2172,0.0252,0.1921,0.2424,23.2,1,1,dimensionless
POPC:DHMDMAB (10:3),order_param_SCD_plateau,sn-2,computational,40C,2,0.2096,0.2096,0.0219,0.1878,0.2315,20.8,1,1,dimensionless
POPC:DHMDMAB (10:7),order_param_SCD_plateau,sn-1,computational,40C,4,0.2769,0.2787,0.0043,0.2697,0.2803,3.8,2,2,dimensionless
POPC:DHMDMAB (10:7),order_param_SCD_plateau,sn-2,computational,40C,4,0.2776,0.2797,0.0047,0.2697,0.2815,4.2,2,2,dimensionless
POPC:DHMDMAB (1:1),order_param_SCD_plateau,sn-1,computational,40C,4,0.3257,0.3244,0.0359,0.2888,0.3653,23.5,2,2,dimensionless
POPC:DHMDMAB (1:1),order_param_SCD_plateau,sn-2,computational,40C,4,0.3261,0.3246,0.0348,0.2911,0.364,22.4,2,2,dimensionless
POPC:DHMDMAB (25:11),order_param_SCD_plateau,sn-1,computational,40C,2,0.218,0.218,0.0271,0.191,0.2451,24.8,1,1,dimensionless
POPC:DHMDMAB (25:11),order_param_SCD_plateau,sn-2,computational,40C,2,0.2126,0.2126,0.0214,0.1912,0.2341,20.2,1,1,dimensionless
POPC:DHMDMAB (25:22),order_param_SCD_plateau,sn-1,computational,40C,2,0.217,0.217,0.0285,0.1885,0.2454,26.2,1,1,dimensionless
POPC:DHMDMAB (25:22),order_param_SCD_plateau,sn-2,computational,40C,2,0.2092,0.2092,0.0209,0.1883,0.2302,20.0,1,1,dimensionless
POPC:DHMDMAB (25:3),order_param_SCD_plateau,sn-1,computational,40C,4,0.215,0.2211,0.0236,0.1779,0.2402,29.0,2,2,dimensionless
POPC:DHMDMAB (25:3),order_param_SCD_plateau,sn-2,computational,40C,4,0.2154,0.2234,0.0247,0.1745,0.2402,30.5,2,2,dimensionless
POPC:DHMDMAB (25:7),order_param_SCD_plateau,sn-1,computational,40C,4,0.2513,0.25,0.0054,0.2458,0.2597,5.5,2,2,dimensionless
POPC:DHMDMAB (25:7),order_param_SCD_plateau,sn-2,computational,40C,4,0.2526,0.2526,0.005,0.2458,0.2597,5.5,2,2,dimensionless
POPC:DHMDMAB (50:21),order_param_SCD_plateau,sn-1,computational,40C,4,0.2518,0.253,0.0023,0.2478,0.2535,2.3,2,2,dimensionless
POPC:DHMDMAB (50:21),order_param_SCD_plateau,sn-2,computational,40C,4,0.251,0.2532,0.0041,0.2438,0.2535,3.9,2,2,dimensionless
POPC:DOPE (1:1),order_param_SCD_plateau,sn-1,computational,25C,2,0.2016,0.2016,0.0045,0.1971,0.2062,4.5,1,1,dimensionless
POPC:DOPE (1:1),order_param_SCD_plateau,sn-2,computational,25C,2,0.1819,0.1819,0.0024,0.1795,0.1842,2.6,1,1,dimensionless
POPC:GB3 (19:1),order_param_SCD_plateau,sn-1,computational,35C,8,0.2482,0.2476,0.0244,0.2236,0.2735,20.1,3,1,dimensionless
POPC:GB3 (19:1),order_param_SCD_plateau,sn-2,computational,35C,8,0.2236,0.2228,0.0118,0.2114,0.2367,11.3,3,1,dimensionless
POPC:PAzePCdeprot (45:19),order_param_SCD_plateau,sn-1,computational,25C,2,0.196,0.196,0.0373,0.1588,0.2333,38.0,1,1,dimensionless
POPC:PAzePCdeprot (45:19),order_param_SCD_plateau,sn-2,computational,25C,2,0.122,0.122,0.02,0.102,0.1419,32.7,1,1,dimensionless
POPC:PAzePCprot (45:19),order_param_SCD_plateau,sn-1,computational,25C,2,0.198,0.198,0.0004,0.1977,0.1984,0.4,1,1,dimensionless
POPC:PAzePCprot (45:19),order_param_SCD_plateau,sn-2,computational,25C,2,0.1638,0.1638,0.0208,0.1429,0.1846,25.5,1,1,dimensionless
POPC:POPE (1:1),order_param_SCD_plateau,sn-1,computational,25C,8,0.2494,0.2508,0.027,0.211,0.2906,31.9,4,4,dimensionless
POPC:POPE (1:1),order_param_SCD_plateau,sn-2,computational,25C,8,0.2229,0.2264,0.0259,0.1845,0.2551,31.7,4,4,dimensionless
POPC:POPE:POPS:POPI:CER180:CHOL (67:30:7:13:5:6),order_param_SCD_plateau,sn-1,computational,35C,5,0.2547,0.2525,0.0045,0.2502,0.2612,4.3,1,1,dimensionless
POPC:POPE:POPS:POPI:CER180:CHOL (67:30:7:13:5:6),order_param_SCD_plateau,sn-2,computational,35C,5,0.242,0.2411,0.0065,0.234,0.2508,6.9,1,1,dimensionless
POPC:POPE:POPS:SAPI24:SM16:CHOL (82:58:28:6:59:152),order_param_SCD_plateau,sn-1,computational,35C,4,0.3897,0.3894,0.0022,0.3872,0.3928,1.4,1,1,dimensionless
POPC:POPE:POPS:SAPI24:SM16:CHOL (82:58:28:6:59:152),order_param_SCD_plateau,sn-2,computational,35C,4,0.3097,0.344,0.0604,0.205,0.3458,45.5,1,1,dimensionless
POPC:POPG (175:44),order_param_SCD_plateau,sn-1,computational,25C,6,0.2702,0.2731,0.0066,0.2605,0.2777,6.4,3,1,dimensionless
POPC:POPG (175:44),order_param_SCD_plateau,sn-2,computational,25C,6,0.2288,0.2394,0.0168,0.2044,0.2427,16.7,3,1,dimensionless
POPC:POPG (1:1),order_param_SCD_plateau,sn-1,computational,25C,14,0.2695,0.2742,0.0238,0.2316,0.3066,27.8,5,3,dimensionless
POPC:POPG (1:1),order_param_SCD_plateau,sn-2,computational,25C,14,0.2356,0.2367,0.0227,0.2002,0.2665,28.1,5,3,dimensionless
POPC:POPG (7:3),order_param_SCD_plateau,sn-1,computational,35C,4,0.2499,0.2497,0.0088,0.2388,0.2613,9.0,2,1,dimensionless
POPC:POPG (7:3),order_param_SCD_plateau,sn-2,computational,35C,4,0.2422,0.2414,0.0083,0.2321,0.2539,9.0,2,1,dimensionless
POPC:POPS (13:3),order_param_SCD_plateau,sn-1,computational,35C,4,0.2768,0.2757,0.016,0.2586,0.2974,14.0,2,1,dimensionless
POPC:POPS (13:3),order_param_SCD_plateau,sn-2,computational,35C,4,0.2763,0.285,0.0165,0.2479,0.2874,14.3,2,1,dimensionless
POPC:POPS (1:1),order_param_SCD_plateau,sn-1,computational,25C,4,0.263,0.2644,0.008,0.2515,0.2719,7.8,1,1,dimensionless
POPC:POPS (1:1),order_param_SCD_plateau,sn-2,computational,25C,4,0.2154,0.2165,0.0166,0.1938,0.2348,19.0,1,1,dimensionless
POPC:POPS (51:13),order_param_SCD_plateau,sn-1,computational,35C,6,0.2765,0.2775,0.0074,0.267,0.2882,7.7,3,1,dimensionless
POPC:POPS (51:13),order_param_SCD_plateau,sn-2,computational,35C,6,0.2809,0.2808,0.0165,0.2583,0.3037,16.2,3,1,dimensionless
POPC:POPS (5:1),order_param_SCD_plateau,sn-1,computational,25C,20,0.2612,0.2609,0.0103,0.2446,0.28,13.6,3,3,dimensionless
POPC:POPS (5:1),order_param_SCD_plateau,sn-2,computational,25C,20,0.228,0.2194,0.0233,0.1952,0.2709,33.2,3,3,dimensionless
POPC:POPS:CES (?),order_param_SCD_plateau,sn-1,computational,35C,2,0.239,0.239,0.0159,0.2231,0.2548,13.3,1,1,dimensionless
POPC:POPS:CES (?),order_param_SCD_plateau,sn-2,computational,35C,2,0.2415,0.2415,0.0119,0.2296,0.2534,9.9,1,1,dimensionless
POPC:SAPI25 (71:4),order_param_SCD_plateau,sn-1,computational,25C,1,0.2229,0.2229,0.0,0.2229,0.2229,0.0,1,1,dimensionless
POPC:SAPI25 (71:4),order_param_SCD_plateau,sn-2,computational,25C,1,0.2144,0.2144,0.0,0.2144,0.2144,0.0,1,1,dimensionless
POPC:SAPI25 (9:1),order_param_SCD_plateau,sn-1,computational,25C,1,0.2237,0.2237,0.0,0.2237,0.2237,0.0,1,1,dimensionless
POPC:SAPI25 (9:1),order_param_SCD_plateau,sn-2,computational,25C,1,0.2157,0.2157,0.0,0.2157,0.2157,0.0,1,1,dimensionless
POPC:TLCL_0H (22:3),order_param_SCD_plateau,sn-1,computational,25C,1,0.2269,0.2269,0.0,0.2269,0.2269,0.0,1,1,dimensionless
POPC:TLCL_0H (22:3),order_param_SCD_plateau,sn-2,computational,25C,1,0.2177,0.2177,0.0,0.2177,0.2177,0.0,1,1,dimensionless
POPC:TLCL_0H (47:3),order_param_SCD_plateau,sn-1,computational,30C,1,0.2235,0.2235,0.0,0.2235,0.2235,0.0,1,1,dimensionless
POPC:TLCL_0H (47:3),order_param_SCD_plateau,sn-2,computational,30C,1,0.2169,0.2169,0.0,0.2169,0.2169,0.0,1,1,dimensionless
POPC:TLCL_0H (4:1),order_param_SCD_plateau,sn-1,computational,30C,1,0.2238,0.2238,0.0,0.2238,0.2238,0.0,1,1,dimensionless
POPC:TLCL_0H (4:1),order_param_SCD_plateau,sn-2,computational,30C,1,0.2147,0.2147,0.0,0.2147,0.2147,0.0,1,1,dimensionless
POPE,order_param_SCD_plateau,sn-1,computational,25C,2,0.2669,0.2669,0.0808,0.1861,0.3477,60.5,2,2,dimensionless
POPE,order_param_SCD_plateau,sn-2,computational,25C,2,0.2384,0.2384,0.0624,0.176,0.3009,52.4,2,2,dimensionless
POPE,order_param_SCD_plateau,sn-1,computational,30C,6,0.2451,0.2538,0.0358,0.1707,0.276,43.0,4,3,dimensionless
POPE,order_param_SCD_plateau,sn-2,computational,30C,6,0.232,0.2352,0.0315,0.1667,0.2613,40.8,4,3,dimensionless
POPE,order_param_SCD_plateau,sn-1,computational,35C,20,0.2618,0.2598,0.0311,0.1666,0.3252,60.6,16,7,dimensionless
POPE,order_param_SCD_plateau,sn-2,computational,35C,20,0.2464,0.2503,0.0252,0.1654,0.2801,46.6,16,7,dimensionless
POPE,order_param_SCD_plateau,sn-1,computational,40C,4,0.2483,0.2473,0.0117,0.2353,0.2632,11.2,2,1,dimensionless
POPE,order_param_SCD_plateau,sn-2,computational,40C,4,0.2354,0.2347,0.0115,0.2234,0.2486,10.7,2,1,dimensionless
POPE,order_param_SCD_plateau,sn-1,experimental,35C,1,0.2477,0.2477,0.0,0.2477,0.2477,0.0,1,0,dimensionless
POPE,order_param_SCD_plateau,sn-2,experimental,35C,1,0.226,0.226,0.0,0.226,0.226,0.0,1,0,dimensionless
POPE:DOG (29:3),order_param_SCD_plateau,sn-1,computational,35C,1,0.219,0.219,0.0,0.219,0.219,0.0,1,1,dimensionless
POPE:DOG (29:3),order_param_SCD_plateau,sn-2,computational,35C,1,0.219,0.219,0.0,0.219,0.219,0.0,1,1,dimensionless
POPE:DOG:CHOL (37:6:21),order_param_SCD_plateau,sn-1,computational,35C,2,0.323,0.323,0.0322,0.2908,0.3553,20.0,1,1,dimensionless
POPE:DOG:CHOL (37:6:21),order_param_SCD_plateau,sn-2,computational,35C,2,0.3014,0.3014,0.0106,0.2908,0.312,7.0,1,1,dimensionless
POPE:POPC:POPS:CHOL:SM16:GM1 (24:38:5:20:9:4),order_param_SCD_plateau,sn-1,computational,25C,12,0.3422,0.3548,0.0319,0.2848,0.3874,30.0,3,1,dimensionless
POPE:POPC:POPS:CHOL:SM16:GM1 (24:38:5:20:9:4),order_param_SCD_plateau,sn-2,computational,25C,12,0.3212,0.319,0.0331,0.2743,0.3868,35.0,3,1,dimensionless
POPE:POPG (187:63),order_param_SCD_plateau,sn-1,computational,35C,4,0.2816,0.2824,0.002,0.2783,0.2835,1.8,2,1,dimensionless
POPE:POPG (187:63),order_param_SCD_plateau,sn-2,computational,35C,4,0.25,0.2502,0.0015,0.2478,0.2516,1.5,2,1,dimensionless
POPE:SDG:CHOL (37:6:21),order_param_SCD_plateau,sn-1,computational,35C,1,0.359,0.359,0.0,0.359,0.359,0.0,1,1,dimensionless
POPE:SDG:CHOL (37:6:21),order_param_SCD_plateau,sn-2,computational,35C,1,0.3144,0.3144,0.0,0.3144,0.3144,0.0,1,1,dimensionless
POPG,order_param_SCD_plateau,sn-1,computational,25C,2,0.2158,0.2158,0.005,0.2108,0.2207,4.6,2,2,dimensionless
POPG,order_param_SCD_plateau,sn-2,computational,25C,2,0.1916,0.1916,0.0052,0.1864,0.1969,5.5,2,2,dimensionless
POPG,order_param_SCD_plateau,sn-1,computational,35C,10,0.2272,0.2146,0.0257,0.1987,0.2633,28.4,10,4,dimensionless
POPG,order_param_SCD_plateau,sn-2,computational,35C,10,0.2061,0.2094,0.0169,0.1826,0.2304,23.2,10,4,dimensionless
POPG,order_param_SCD_plateau,sn-1,experimental,25C,1,0.17,0.17,0.0,0.17,0.17,0.0,1,0,dimensionless
POPG,order_param_SCD_plateau,sn-2,experimental,25C,1,0.17,0.17,0.0,0.17,0.17,0.0,1,0,dimensionless
POPG:DPPGK:TOCL (12:7:1),order_param_SCD_plateau,sn-1,computational,30C,2,0.2356,0.2356,0.0043,0.2313,0.24,3.7,1,1,dimensionless
POPG:DPPGK:TOCL (12:7:1),order_param_SCD_plateau,sn-2,computational,30C,2,0.2298,0.2298,0.0128,0.2171,0.2426,11.1,1,1,dimensionless
POPG:POPC (1:1),order_param_SCD_plateau,sn-1,computational,25C,22,0.2491,0.247,0.0258,0.2137,0.2953,32.8,9,3,dimensionless
POPG:POPC (1:1),order_param_SCD_plateau,sn-2,computational,25C,22,0.2339,0.2252,0.0299,0.1794,0.2837,44.6,9,3,dimensionless
POPG:POPC (1:4),order_param_SCD_plateau,sn-1,computational,25C,4,0.2414,0.2381,0.0241,0.2163,0.2729,23.4,2,1,dimensionless
POPG:POPC (1:4),order_param_SCD_plateau,sn-2,computational,25C,4,0.2266,0.225,0.0214,0.2017,0.255,23.5,2,1,dimensionless
POPG:POPC (3:7),order_param_SCD_plateau,sn-1,computational,35C,10,0.2234,0.2174,0.0152,0.2041,0.2529,21.8,5,3,dimensionless
POPG:POPC (3:7),order_param_SCD_plateau,sn-2,computational,35C,10,0.1941,0.1889,0.0123,0.1804,0.2112,15.9,5,3,dimensionless
POPG:POPC (44:175),order_param_SCD_plateau,sn-1,computational,25C,12,0.2309,0.2292,0.0175,0.2018,0.2629,26.5,6,2,dimensionless
POPG:POPC (44:175),order_param_SCD_plateau,sn-2,computational,25C,12,0.2153,0.2094,0.033,0.1757,0.2822,49.5,6,2,dimensionless
POPG:POPE (187:63),order_param_SCD_plateau,sn-1,computational,35C,16,0.2324,0.2218,0.0224,0.21,0.2732,27.2,8,4,dimensionless
POPG:POPE (187:63),order_param_SCD_plateau,sn-2,computational,35C,16,0.212,0.2138,0.0183,0.1797,0.2381,27.6,8,4,dimensionless
POPG:POPE (63:187),order_param_SCD_plateau,sn-1,computational,35C,12,0.2513,0.2512,0.0139,0.2303,0.2709,16.2,6,3,dimensionless
POPG:POPE (63:187),order_param_SCD_plateau,sn-2,computational,35C,12,0.2331,0.2413,0.0195,0.2038,0.2547,21.8,6,3,dimensionless
POPI:NH4 (?),order_param_SCD_plateau,sn-1,computational,35C,1,0.242,0.242,0.0,0.242,0.242,0.0,1,1,dimensionless
POPI:NH4 (?),order_param_SCD_plateau,sn-2,computational,35C,1,0.2292,0.2292,0.0,0.2292,0.2292,0.0,1,1,dimensionless
POPI:POPC:NH4 (?),order_param_SCD_plateau,sn-1,computational,35C,8,0.232,0.2322,0.0063,0.2213,0.2409,8.4,4,1,dimensionless
POPI:POPC:NH4 (?),order_param_SCD_plateau,sn-2,computational,35C,8,0.2192,0.2195,0.0057,0.2103,0.2289,8.5,4,1,dimensionless
POPI:POPE:NH4 (?),order_param_SCD_plateau,sn-1,computational,35C,8,0.255,0.2556,0.0087,0.2381,0.2683,11.8,4,1,dimensionless
POPI:POPE:NH4 (?),order_param_SCD_plateau,sn-2,computational,35C,8,0.2405,0.2396,0.0076,0.225,0.2521,11.3,4,1,dimensionless
POPS,order_param_SCD_plateau,sn-1,computational,25C,23,0.2744,0.2798,0.0335,0.2183,0.3424,45.2,13,7,dimensionless
POPS,order_param_SCD_plateau,sn-2,computational,25C,23,0.2481,0.2533,0.0366,0.1621,0.3322,68.6,13,7,dimensionless
POPS,order_param_SCD_plateau,sn-1,experimental,25C,1,0.2208,0.2208,0.0,0.2208,0.2208,0.0,1,0,dimensionless
POPS,order_param_SCD_plateau,sn-2,experimental,25C,1,0.22,0.22,0.0,0.22,0.22,0.0,1,0,dimensionless
POPS:POPC (1:1),order_param_SCD_plateau,sn-1,computational,25C,6,0.238,0.2374,0.008,0.2269,0.2508,10.0,2,2,dimensionless
POPS:POPC (1:1),order_param_SCD_plateau,sn-2,computational,25C,6,0.1962,0.1839,0.0283,0.1669,0.239,36.7,2,2,dimensionless
POPS:POPC (1:10),order_param_SCD_plateau,sn-1,computational,25C,4,0.2331,0.2333,0.0021,0.23,0.2359,2.5,1,1,dimensionless
POPS:POPC (1:10),order_param_SCD_plateau,sn-2,computational,25C,4,0.1816,0.1813,0.0042,0.1768,0.187,5.6,1,1,dimensionless
POPS:POPC (1:4),order_param_SCD_plateau,sn-1,computational,25C,4,0.2352,0.235,0.0016,0.2331,0.2376,1.9,1,1,dimensionless
POPS:POPC (1:4),order_param_SCD_plateau,sn-2,computational,25C,4,0.1799,0.1809,0.0029,0.1752,0.1825,4.1,1,1,dimensionless
POPS:POPC (1:5),order_param_SCD_plateau,sn-1,computational,25C,64,0.2434,0.2408,0.0111,0.2259,0.2733,19.5,14,3,dimensionless
POPS:POPC (1:5),order_param_SCD_plateau,sn-2,computational,25C,64,0.2077,0.2068,0.0176,0.1718,0.2367,31.2,14,3,dimensionless
POPS:POPC (1:5),order_param_SCD_plateau,sn-1,computational,45C,6,0.2251,0.227,0.0058,0.2146,0.2317,7.6,1,1,dimensionless
POPS:POPC (1:5),order_param_SCD_plateau,sn-2,computational,45C,6,0.214,0.2142,0.0054,0.2054,0.2223,7.9,1,1,dimensionless
PYPC,order_param_SCD_plateau,sn-1,computational,60C,3,0.2092,0.209,0.0018,0.2071,0.2114,2.1,1,1,dimensionless
PYPC,order_param_SCD_plateau,sn-2,computational,60C,3,0.191,0.1907,0.0015,0.1894,0.193,1.9,1,1,dimensionless
SD5PC,order_param_SCD_plateau,sn-1,computational,30C,2,0.2105,0.2105,0.0,0.2105,0.2105,0.0,1,1,dimensionless
SD5PC,order_param_SCD_plateau,sn-2,computational,30C,2,0.1081,0.1081,0.0001,0.108,0.1082,0.2,1,1,dimensionless
SD5PC,order_param_SCD_plateau,sn-2,experimental,30C,1,0.136,0.136,0.0,0.136,0.136,0.0,0,0,dimensionless
SDPC,order_param_SCD_plateau,sn-1,computational,30C,4,0.2081,0.2077,0.0008,0.2075,0.2095,1.0,2,1,dimensionless
SDPC,order_param_SCD_plateau,sn-2,computational,30C,4,0.1077,0.1077,0.0005,0.1072,0.1082,0.9,2,1,dimensionless
SDPC,order_param_SCD_plateau,sn-1,experimental,30C,1,0.22,0.22,0.0,0.22,0.22,0.0,0,0,dimensionless
SDPC,order_param_SCD_plateau,sn-2,experimental,30C,1,0.1015,0.1015,0.0,0.1015,0.1015,0.0,0,0,dimensionless
SDPE:DOG (29:3),order_param_SCD_plateau,sn-1,computational,35C,1,0.2151,0.2151,0.0,0.2151,0.2151,0.0,1,1,dimensionless
SDPE:DOG (29:3),order_param_SCD_plateau,sn-2,computational,35C,1,0.2151,0.2151,0.0,0.2151,0.2151,0.0,1,1,dimensionless
SDPE:DOG:CHOL (37:6:21),order_param_SCD_plateau,sn-1,computational,35C,2,0.3134,0.3134,0.0261,0.2873,0.3395,16.7,1,1,dimensionless
SDPE:DOG:CHOL (37:6:21),order_param_SCD_plateau,sn-2,computational,35C,2,0.2201,0.2201,0.0672,0.1529,0.2873,61.1,1,1,dimensionless
SDPE:SDG:CHOL (37:6:21),order_param_SCD_plateau,sn-1,computational,35C,1,0.3431,0.3431,0.0,0.3431,0.3431,0.0,1,1,dimensionless
SDPE:SDG:CHOL (37:6:21),order_param_SCD_plateau,sn-2,computational,35C,1,0.1514,0.1514,0.0,0.1514,0.1514,0.0,1,1,dimensionless
SLiPC,order_param_SCD_plateau,sn-1,computational,60C,3,0.2078,0.2068,0.0021,0.206,0.2107,2.3,1,1,dimensionless
SLiPC,order_param_SCD_plateau,sn-2,computational,60C,3,0.188,0.1877,0.0018,0.186,0.1903,2.3,1,1,dimensionless
SM16:POPC (3:7),order_param_SCD_plateau,sn-1,computational,25C,1,0.244,0.244,0.0,0.244,0.244,0.0,1,1,dimensionless
SM16:POPC (3:7),order_param_SCD_plateau,sn-2,computational,25C,1,0.2288,0.2288,0.0,0.2288,0.2288,0.0,1,1,dimensionless
SM18:POPC:CHOL (1:1:1),order_param_SCD_plateau,sn-1,computational,50C,1,0.3775,0.3775,0.0,0.3775,0.3775,0.0,1,1,dimensionless
SM18:POPC:CHOL (1:1:1),order_param_SCD_plateau,sn-2,computational,50C,1,0.3392,0.3392,0.0,0.3392,0.3392,0.0,1,1,dimensionless
SOPC,order_param_SCD_plateau,sn-1,computational,25C,3,0.2238,0.2236,0.0006,0.2232,0.2247,0.7,1,1,dimensionless
SOPC,order_param_SCD_plateau,sn-2,computational,25C,3,0.2149,0.2144,0.0024,0.2123,0.218,2.7,1,1,dimensionless
SOPC,order_param_SCD_plateau,sn-1,computational,30C,1,0.2215,0.2215,0.0,0.2215,0.2215,0.0,1,1,dimensionless
SOPC,order_param_SCD_plateau,sn-2,computational,30C,1,0.2103,0.2103,0.0,0.2103,0.2103,0.0,1,1,dimensionless
SOPC,order_param_SCD_plateau,sn-1,computational,60C,3,0.2106,0.2108,0.0012,0.2091,0.212,1.4,1,1,dimensionless
SOPC,order_param_SCD_plateau,sn-2,computational,60C,3,0.1954,0.1948,0.0019,0.1935,0.198,2.3,1,1,dimensionless
TLCL_0H:SAPC:POPE (4:9:7),order_param_SCD_plateau,sn-1,computational,35C,2,0.2258,0.2258,0.0001,0.2257,0.226,0.1,1,1,dimensionless
TLCL_0H:SAPC:POPE (4:9:7),order_param_SCD_plateau,sn-2,computational,35C,2,0.1787,0.1787,0.0417,0.137,0.2204,46.7,1,1,dimensionless
TOCL:POPC (1:1),order_param_SCD_plateau,sn-1,computational,35C,1,0.2289,0.2289,0.0,0.2289,0.2289,0.0,1,1,dimensionless
TOCL:POPC (1:1),order_param_SCD_plateau,sn-2,computational,35C,1,0.2201,0.2201,0.0,0.2201,0.2201,0.0,1,1,dimensionless
TOCL:POPC:POPE (1:2:1),order_param_SCD_plateau,sn-1,computational,35C,2,0.2396,0.2396,0.0006,0.2389,0.2402,0.5,1,1,dimensionless
TOCL:POPC:POPE (1:2:1),order_param_SCD_plateau,sn-2,computational,35C,2,0.227,0.227,0.0008,0.2263,0.2278,0.7,1,1,dimensionless
TOCL:POPE (1:1),order_param_SCD_plateau,sn-1,computational,35C,1,0.2363,0.2363,0.0,0.2363,0.2363,0.0,1,1,dimensionless
TOCL:POPE (1:1),order_param_SCD_plateau,sn-2,computational,35C,1,0.2276,0.2276,0.0,0.2276,0.2276,0.0,1,1,dimensionless
DLPC,thickness_2DC,-,experimental,20C,1,21.9,21.9,0.0,21.9,21.9,0.0,1,0,A
DLPC,thickness_2DC,-,experimental,30C,1,21.7,21.7,0.0,21.7,21.7,0.0,1,0,A
DLPC,thickness_2DC,-,experimental,50C,1,20.8,20.8,0.0,20.8,20.8,0.0,1,0,A
DLPC,thickness_2DC,-,experimental,60C,1,20.6,20.6,0.0,20.6,20.6,0.0,1,0,A
DMPC,thickness_2DC,-,experimental,30C,1,25.7,25.7,0.0,25.7,25.7,0.0,1,0,A
DMPC,thickness_2DC,-,experimental,50C,1,24.8,24.8,0.0,24.8,24.8,0.0,1,0,A
DMPC,thickness_2DC,-,experimental,60C,1,24.1,24.1,0.0,24.1,24.1,0.0,1,0,A
DPPC,thickness_2DC,-,experimental,50C,1,28.5,28.5,0.0,28.5,28.5,0.0,1,0,A
DPPC,thickness_2DC,-,experimental,60C,1,27.9,27.9,0.0,27.9,27.9,0.0,1,0,A
DPhyPC,thickness_2DC,-,experimental,20C,1,27.8,27.8,0.0,27.8,27.8,0.0,1,0,A
DPhyPC,thickness_2DC,-,experimental,30C,1,27.2,27.2,0.0,27.2,27.2,0.0,1,0,A
DPhyPC,thickness_2DC,-,experimental,50C,1,26.7,26.7,0.0,26.7,26.7,0.0,1,0,A
DPhyPC,thickness_2DC,-,experimental,60C,1,26.6,26.6,0.0,26.6,26.6,0.0,1,0,A
DSPC,thickness_2DC,-,experimental,60C,1,31.9,31.9,0.0,31.9,31.9,0.0,1,0,A
POPC,thickness_2DC,-,experimental,20C,1,29.2,29.2,0.0,29.2,29.2,0.0,1,0,A
POPC,thickness_2DC,-,experimental,30C,1,28.8,28.8,0.0,28.8,28.8,0.0,1,0,A
POPC,thickness_2DC,-,experimental,50C,1,28.1,28.1,0.0,28.1,28.1,0.0,1,0,A
POPC,thickness_2DC,-,experimental,60C,1,28.0,28.0,0.0,28.0,28.0,0.0,1,0,A
SOPC,thickness_2DC,-,experimental,20C,1,30.4,30.4,0.0,30.4,30.4,0.0,1,0,A
SOPC,thickness_2DC,-,experimental,30C,1,29.9,29.9,0.0,29.9,29.9,0.0,1,0,A
SOPC,thickness_2DC,-,experimental,50C,1,29.3,29.3,0.0,29.3,29.3,0.0,1,0,A
SOPC,thickness_2DC,-,experimental,60C,1,29.0,29.0,0.0,29.0,29.0,0.0,1,0,A
CHOL:DAPC (1:1),thickness_DB,-,computational,35C,1,41.5,41.5,0.0,41.5,41.5,0.0,1,1,A
CHOL:DAPC (7:11),thickness_DB,-,computational,35C,1,41.5,41.5,0.0,41.5,41.5,0.0,1,1,A
CHOL:DAPC (7:17),thickness_DB,-,computational,35C,1,40.25,40.25,0.0,40.25,40.25,0.0,1,1,A
CHOL:DAPC (7:29),thickness_DB,-,computational,35C,1,39.54,39.54,0.0,39.54,39.54,0.0,1,1,A
CHOL:DAPC (7:65),thickness_DB,-,computational,10C,2,39.71,39.71,0.06,39.65,39.77,0.3,2,1,A
CHOL:DAPC (7:65),thickness_DB,-,computational,25C,2,38.99,38.99,0.04,38.95,39.03,0.2,2,1,A
CHOL:DAPC (7:65),thickness_DB,-,computational,35C,2,38.99,38.99,0.04,38.95,39.03,0.2,2,1,A
CHOL:DAPC (7:65),thickness_DB,-,computational,45C,2,38.99,38.99,0.04,38.95,39.03,0.2,2,1,A
CHOL:DAPC (7:65),thickness_DB,-,computational,60C,2,38.275,38.275,0.015,38.26,38.29,0.1,2,1,A
CHOL:DDOPC (7:65),thickness_DB,-,computational,35C,1,39.53,39.53,0.0,39.53,39.53,0.0,1,1,A
CHOL:DDOPC:DOPC (28:115:130),thickness_DB,-,computational,35C,1,41.25,41.25,0.0,41.25,41.25,0.0,1,1,A
CHOL:DLIPC (7:65),thickness_DB,-,computational,35C,1,40.19,40.19,0.0,40.19,40.19,0.0,1,1,A
CHOL:DLIPC:DOPC (28:125:130),thickness_DB,-,computational,35C,1,41.47,41.47,0.0,41.47,41.47,0.0,1,1,A
CHOL:DOPC (7:65),thickness_DB,-,computational,35C,1,42.74,42.74,0.0,42.74,42.74,0.0,1,1,A
CHOL:DOPC:DAPC (14:65:60),thickness_DB,-,computational,35C,1,40.65,40.65,0.0,40.65,40.65,0.0,1,1,A
CHOL:DPPC (1:4),thickness_DB,-,computational,35C,1,53.45,53.45,0.0,53.45,53.45,0.0,1,1,A
CHOL:POPC (11:100),thickness_DB,-,computational,35C,9,44.8356,44.44,1.7215,42.67,47.93,11.7,9,2,A
CHOL:POPC (1:1),thickness_DB,-,computational,25C,1,46.87,46.87,0.0,46.87,46.87,0.0,1,1,A
CHOL:POPC (1:1),thickness_DB,-,computational,30C,5,46.81,46.98,0.7286,45.4,47.41,4.3,5,2,A
CHOL:POPC (1:1),thickness_DB,-,computational,35C,1,46.84,46.84,0.0,46.84,46.84,0.0,1,1,A
CHOL:POPC (1:4),thickness_DB,-,computational,35C,9,46.3167,46.08,1.5731,43.98,49.17,11.2,9,2,A
CHOL:POPC (3:7),thickness_DB,-,computational,30C,2,48.735,48.735,0.535,48.2,49.27,2.2,2,1,A
CHOL:POPC (43:100),thickness_DB,-,computational,35C,9,47.3944,47.54,1.1931,45.69,50.04,9.2,9,2,A
CHOL:POPC (67:100),thickness_DB,-,computational,35C,1,48.14,48.14,0.0,48.14,48.14,0.0,1,1,A
CHOL:POPC (6:25),thickness_DB,-,computational,30C,1,47.88,47.88,0.0,47.88,47.88,0.0,1,1,A
CHOL:POPC (77:179),thickness_DB,-,computational,25C,1,46.78,46.78,0.0,46.78,46.78,0.0,1,1,A
CHOL:POPC:SM16 (38:45:44),thickness_DB,-,computational,20C,1,49.68,49.68,0.0,49.68,49.68,0.0,1,1,A
DEPC,thickness_DB,-,computational,35C,1,50.37,50.37,0.0,50.37,50.37,0.0,1,1,A
DLIPC,thickness_DB,-,computational,25C,1,40.02,40.02,0.0,40.02,40.02,0.0,1,1,A
DLIPC,thickness_DB,-,computational,60C,3,38.9233,38.67,0.3583,38.67,39.43,2.0,1,1,A
DLIPG:DLIPA:SAPC:POPE (4:4:9:7),thickness_DB,-,computational,35C,1,40.48,40.48,0.0,40.48,40.48,0.0,1,1,A
DLPC,thickness_DB,-,computational,25C,6,34.5667,34.105,0.9189,33.86,36.46,7.5,6,1,A
DLPC,thickness_DB,-,computational,35C,1,35.45,35.45,0.0,35.45,35.45,0.0,1,1,A
DLPC,thickness_DB,-,experimental,20C,1,33.0,33.0,0.0,33.0,33.0,0.0,1,0,A
DLPC,thickness_DB,-,experimental,30C,1,32.6,32.6,0.0,32.6,32.6,0.0,1,0,A
DLPC,thickness_DB,-,experimental,50C,1,31.0,31.0,0.0,31.0,31.0,0.0,1,0,A
DLPC,thickness_DB,-,experimental,60C,1,30.7,30.7,0.0,30.7,30.7,0.0,1,0,A
DMPC,thickness_DB,-,computational,30C,2,40.225,40.225,0.445,39.78,40.67,2.2,2,2,A
DMPC,thickness_DB,-,computational,40C,10,41.416,40.64,2.0914,39.12,44.89,13.9,9,2,A
DMPC,thickness_DB,-,computational,50C,2,37.395,37.395,0.455,36.94,37.85,2.4,2,1,A
DMPC,thickness_DB,-,computational,60C,3,38.4533,38.32,0.1886,38.32,38.72,1.0,1,1,A
DMPC,thickness_DB,-,experimental,30C,1,36.7,36.7,0.0,36.7,36.7,0.0,1,0,A
DMPC,thickness_DB,-,experimental,50C,1,35.2,35.2,0.0,35.2,35.2,0.0,1,0,A
DMPC,thickness_DB,-,experimental,60C,1,34.2,34.2,0.0,34.2,34.2,0.0,1,0,A
DMPC:BOG (1:1),thickness_DB,-,computational,30C,1,36.24,36.24,0.0,36.24,36.24,0.0,1,1,A
DMPC:BOG (2:1),thickness_DB,-,computational,30C,1,37.48,37.48,0.0,37.48,37.48,0.0,1,1,A
DMPC:BOG (3:2),thickness_DB,-,computational,30C,1,36.74,36.74,0.0,36.74,36.74,0.0,1,1,A
DMPC:DMTAP (15:1),thickness_DB,-,computational,50C,2,39.505,39.505,1.815,37.69,41.32,9.2,2,1,A
DMPC:DMTAP (1:1),thickness_DB,-,computational,50C,3,38.0733,38.13,0.1021,37.93,38.16,0.6,3,1,A
DMPC:DMTAP (1:3),thickness_DB,-,computational,50C,4,35.2725,35.185,0.3672,34.88,35.84,2.7,4,1,A
DMPC:SAPI:POPI:SLIPI (90:23:8:7),thickness_DB,-,computational,30C,1,42.25,42.25,0.0,42.25,42.25,0.0,1,1,A
DOPC,thickness_DB,-,computational,20C,3,41.6533,41.92,0.3771,41.12,41.92,1.9,1,1,A
DOPC,thickness_DB,-,computational,25C,4,41.145,41.08,0.5476,40.49,41.93,3.5,2,2,A
DOPC,thickness_DB,-,computational,30C,8,39.9175,39.16,1.1646,38.91,41.92,7.5,6,2,A
DOPC,thickness_DB,-,computational,35C,3,41.5867,41.02,0.9835,40.77,42.97,5.3,2,2,A
DOPC,thickness_DB,-,computational,40C,3,40.85,41.12,0.3818,40.31,41.12,2.0,1,1,A
DOPC,thickness_DB,-,computational,50C,3,40.85,41.12,0.3818,40.31,41.12,2.0,1,1,A
DOPC,thickness_DB,-,computational,60C,3,40.58,40.31,0.3818,40.31,41.12,2.0,1,1,A
DOPC:CHOL (32:13),thickness_DB,-,computational,60C,3,43.7167,43.41,0.4337,43.41,44.33,2.1,1,1,A
DOPC:CHOL (4:1),thickness_DB,-,computational,60C,3,42.6467,42.94,0.4148,42.06,42.94,2.1,1,1,A
DOPC:CHOL (8:1),thickness_DB,-,computational,60C,3,41.58,41.3,0.396,41.3,42.14,2.0,1,1,A
DOPC:CHOL (8:5),thickness_DB,-,computational,60C,3,44.17,44.49,0.4525,43.53,44.49,2.2,1,1,A
DOPC:CHOL (8:7),thickness_DB,-,computational,60C,3,44.33,44.33,0.0,44.33,44.33,0.0,1,1,A
DOPC:DOPE (1:1),thickness_DB,-,computational,25C,1,40.33,40.33,0.0,40.33,40.33,0.0,1,1,A
DOPE,thickness_DB,-,computational,0C,6,45.9683,46.05,1.6921,43.59,48.53,10.7,3,2,A
DOPG:PYPE:PVCL (4:15:1),thickness_DB,-,computational,35C,1,41.31,41.31,0.0,41.31,41.31,0.0,1,1,A
DOPS,thickness_DB,-,computational,30C,13,44.5846,43.04,3.5474,40.85,52.44,26.0,7,4,A
DPPC,thickness_DB,-,computational,15C,4,47.1925,47.49,0.6869,46.02,47.77,3.7,3,1,A
DPPC,thickness_DB,-,computational,20C,2,51.445,51.445,0.225,51.22,51.67,0.9,1,1,A
DPPC,thickness_DB,-,computational,25C,2,47.67,47.67,0.8,46.87,48.47,3.4,2,2,A
DPPC,thickness_DB,-,computational,30C,1,45.66,45.66,0.0,45.66,45.66,0.0,1,1,A
DPPC,thickness_DB,-,computational,35C,2,45.98,45.98,3.44,42.54,49.42,15.0,2,2,A
DPPC,thickness_DB,-,computational,40C,1,49.67,49.67,0.0,49.67,49.67,0.0,1,1,A
DPPC,thickness_DB,-,computational,45C,5,47.302,46.78,0.9598,46.36,49.07,5.7,4,1,A
DPPC,thickness_DB,-,computational,50C,27,42.6004,42.44,1.6773,39.58,46.83,17.0,22,6,A
DPPC,thickness_DB,-,computational,55C,1,43.72,43.72,0.0,43.72,43.72,0.0,1,1,A
DPPC,thickness_DB,-,computational,60C,7,42.2971,42.61,1.2145,40.42,43.48,7.2,2,2,A
DPPC,thickness_DB,-,computational,65C,3,42.38,42.37,0.0141,42.37,42.4,0.1,2,1,A
DPPC,thickness_DB,-,computational,75C,1,42.4,42.4,0.0,42.4,42.4,0.0,1,1,A
DPPC,thickness_DB,-,computational,85C,2,40.97,40.97,0.27,40.7,41.24,1.3,2,1,A
DPPC,thickness_DB,-,experimental,50C,1,39.0,39.0,0.0,39.0,39.0,0.0,1,0,A
DPPC,thickness_DB,-,experimental,60C,1,38.1,38.1,0.0,38.1,38.1,0.0,1,0,A
DPPC:C20 (6:1),thickness_DB,-,computational,60C,8,43.2475,42.37,1.3419,41.85,45.06,7.4,1,2,A
DPPC:C30 (18:1),thickness_DB,-,computational,70C,4,41.9075,41.855,1.2474,40.62,43.3,6.4,1,2,A
DPPC:CHOL (19:5),thickness_DB,-,computational,35C,2,49.605,49.605,0.395,49.21,50.0,1.6,2,1,A
DPPC:CHOL (43:5),thickness_DB,-,computational,20C,2,51.94,51.94,0.0,51.94,51.94,0.0,2,1,A
DPPC:CHOL (43:5),thickness_DB,-,computational,30C,1,48.97,48.97,0.0,48.97,48.97,0.0,1,1,A
DPPC:CHOL (43:5),thickness_DB,-,computational,35C,2,46.515,46.515,0.185,46.33,46.7,0.8,2,1,A
DPPC:CHOL (43:5),thickness_DB,-,computational,40C,1,45.34,45.34,0.0,45.34,45.34,0.0,1,1,A
DPPC:CHOL (43:5),thickness_DB,-,computational,45C,1,44.44,44.44,0.0,44.44,44.44,0.0,1,1,A
DPPC:CHOL (61:11),thickness_DB,-,computational,35C,1,48.31,48.31,0.0,48.31,48.31,0.0,1,1,A
DPPC:CHOL (61:11),thickness_DB,-,computational,40C,1,46.26,46.26,0.0,46.26,46.26,0.0,1,1,A
DPPC:CHOL:DOPC (102:26:83),thickness_DB,-,computational,35C,2,44.97,44.97,0.57,44.4,45.54,2.5,1,1,A
DPPC:DCHOL (43:5),thickness_DB,-,computational,35C,1,45.12,45.12,0.0,45.12,45.12,0.0,1,1,A
DPPE,thickness_DB,-,computational,65C,1,44.62,44.62,0.0,44.62,44.62,0.0,1,1,A
DPPE,thickness_DB,-,computational,70C,3,44.92,41.52,4.9148,41.37,51.87,23.4,2,2,A
DPPG,thickness_DB,-,computational,25C,1,44.73,44.73,0.0,44.73,44.73,0.0,1,1,A
DPPG,thickness_DB,-,computational,40C,1,40.41,40.41,0.0,40.41,40.41,0.0,1,1,A
DPhyPC,thickness_DB,-,experimental,20C,1,36.3,36.3,0.0,36.3,36.3,0.0,1,0,A
DPhyPC,thickness_DB,-,experimental,30C,1,35.4,35.4,0.0,35.4,35.4,0.0,1,0,A
DPhyPC,thickness_DB,-,experimental,50C,1,34.7,34.7,0.0,34.7,34.7,0.0,1,0,A
DPhyPC,thickness_DB,-,experimental,60C,1,35.2,35.2,0.0,35.2,35.2,0.0,1,0,A
DRPC,thickness_DB,-,computational,60C,3,34.41,34.15,0.3677,34.15,34.93,2.3,1,1,A
DSPC,thickness_DB,-,computational,60C,1,53.9,53.9,0.0,53.9,53.9,0.0,1,1,A
DSPC,thickness_DB,-,computational,65C,1,47.32,47.32,0.0,47.32,47.32,0.0,1,1,A
DSPC,thickness_DB,-,experimental,60C,1,42.2,42.2,0.0,42.2,42.2,0.0,1,0,A
DYPC,thickness_DB,-,computational,60C,3,37.43,37.16,0.3818,37.16,37.97,2.2,1,1,A
ERG:POPC:SM16 (26:51:51),thickness_DB,-,computational,20C,1,48.9,48.9,0.0,48.9,48.9,0.0,1,1,A
ERG:POPC:SM16 (38:45:44),thickness_DB,-,computational,20C,1,50.26,50.26,0.0,50.26,50.26,0.0,1,1,A
PAPC,thickness_DB,-,computational,30C,2,39.665,39.665,0.085,39.58,39.75,0.4,1,1,A
PDPC,thickness_DB,-,computational,30C,2,40.345,40.345,0.015,40.33,40.36,0.1,1,1,A
PILPC,thickness_DB,-,computational,30C,2,40.52,40.52,0.12,40.4,40.64,0.6,1,1,A
POPC,thickness_DB,-,computational,25C,93,42.4545,42.49,2.6759,35.71,55.42,46.4,77,10,A
POPC,thickness_DB,-,computational,30C,46,42.6465,42.15,1.6895,40.38,49.33,21.0,34,6,A
POPC,thickness_DB,-,computational,35C,65,42.612,42.22,1.9067,39.15,47.78,20.3,42,7,A
POPC,thickness_DB,-,computational,40C,36,41.7608,41.93,1.078,39.23,44.15,11.8,6,3,A
POPC,thickness_DB,-,computational,55C,2,42.2,42.2,1.63,40.57,43.83,7.7,2,1,A
POPC,thickness_DB,-,computational,75C,2,41.155,41.155,1.385,39.77,42.54,6.7,2,1,A
POPC,thickness_DB,-,computational,95C,2,39.915,39.915,1.335,38.58,41.25,6.7,2,1,A
POPC,thickness_DB,-,experimental,20C,1,39.8,39.8,0.0,39.8,39.8,0.0,1,0,A
POPC,thickness_DB,-,experimental,30C,1,39.1,39.1,0.0,39.1,39.1,0.0,1,0,A
POPC,thickness_DB,-,experimental,50C,1,37.9,37.9,0.0,37.9,37.9,0.0,1,0,A
POPC,thickness_DB,-,experimental,60C,1,37.7,37.7,0.0,37.7,37.7,0.0,1,0,A
POPC:CER (256:25),thickness_DB,-,computational,35C,2,42.89,42.89,0.23,42.66,43.12,1.1,2,1,A
POPC:CER (4:1),thickness_DB,-,computational,35C,1,43.76,43.76,0.0,43.76,43.76,0.0,1,1,A
POPC:CHOL (100:11),thickness_DB,-,computational,35C,1,42.17,42.17,0.0,42.17,42.17,0.0,1,1,A
POPC:CHOL (100:43),thickness_DB,-,computational,35C,1,45.61,45.61,0.0,45.61,45.61,0.0,1,1,A
POPC:CHOL (100:67),thickness_DB,-,computational,35C,1,46.1,46.1,0.0,46.1,46.1,0.0,1,1,A
POPC:CHOL (13:19),thickness_DB,-,computational,30C,1,44.17,44.17,0.0,44.17,44.17,0.0,1,1,A
POPC:CHOL (13:19),thickness_DB,-,computational,35C,1,42.48,42.48,0.0,42.48,42.48,0.0,1,1,A
POPC:CHOL (15:1),thickness_DB,-,computational,25C,1,41.95,41.95,0.0,41.95,41.95,0.0,1,1,A
POPC:CHOL (15:1),thickness_DB,-,computational,30C,1,42.58,42.58,0.0,42.58,42.58,0.0,1,1,A
POPC:CHOL (19:13),thickness_DB,-,computational,35C,1,47.75,47.75,0.0,47.75,47.75,0.0,1,1,A
POPC:CHOL (1:1),thickness_DB,-,computational,25C,1,47.69,47.69,0.0,47.69,47.69,0.0,1,1,A
POPC:CHOL (1:1),thickness_DB,-,computational,30C,3,47.0467,47.37,0.5741,46.24,47.53,2.7,3,3,A
POPC:CHOL (1:1),thickness_DB,-,computational,35C,2,46.145,46.145,0.585,45.56,46.73,2.5,2,2,A
POPC:CHOL (21:11),thickness_DB,-,computational,25C,1,48.06,48.06,0.0,48.06,48.06,0.0,1,1,A
POPC:CHOL (21:11),thickness_DB,-,computational,30C,1,48.05,48.05,0.0,48.05,48.05,0.0,1,1,A
POPC:CHOL (25:39),thickness_DB,-,computational,25C,1,44.78,44.78,0.0,44.78,44.78,0.0,1,1,A
POPC:CHOL (27:5),thickness_DB,-,computational,30C,1,43.77,43.77,0.0,43.77,43.77,0.0,1,1,A
POPC:CHOL (32:13),thickness_DB,-,computational,25C,12,47.4592,47.64,1.5379,44.49,49.38,10.3,4,4,A
POPC:CHOL (4:1),thickness_DB,-,computational,25C,12,45.1417,45.35,1.6746,42.53,47.81,11.7,4,4,A
POPC:CHOL (4:1),thickness_DB,-,computational,35C,1,44.1,44.1,0.0,44.1,44.1,0.0,1,1,A
POPC:CHOL (55:9),thickness_DB,-,computational,25C,1,44.95,44.95,0.0,44.95,44.95,0.0,1,1,A
POPC:CHOL (57:7),thickness_DB,-,computational,35C,1,42.02,42.02,0.0,42.02,42.02,0.0,1,1,A
POPC:CHOL (7:3),thickness_DB,-,computational,30C,3,48.34,48.39,0.7561,47.39,49.24,3.8,3,1,A
POPC:CHOL (8:1),thickness_DB,-,computational,25C,12,42.9325,42.895,1.3981,40.75,44.93,9.7,4,4,A
POPC:CHOL (8:5),thickness_DB,-,computational,25C,12,48.405,48.515,1.2682,46.23,50.15,8.1,4,4,A
POPC:CHOL (8:7),thickness_DB,-,computational,25C,12,47.7392,47.92,0.944,46.25,49.17,6.1,4,4,A
POPC:CHOL:SAPI25 (119:23:8),thickness_DB,-,computational,25C,1,46.63,46.63,0.0,46.63,46.63,0.0,1,1,A
POPC:CHOL:SAPI25 (127:15:8),thickness_DB,-,computational,25C,1,45.34,45.34,0.0,45.34,45.34,0.0,1,1,A
POPC:CHOL:SAPI25 (67:75:8),thickness_DB,-,computational,25C,1,47.75,47.75,0.0,47.75,47.75,0.0,1,1,A
POPC:CHOL:SAPI25 (97:45:8),thickness_DB,-,computational,25C,1,49.54,49.54,0.0,49.54,49.54,0.0,1,1,A
POPC:CHOL:SM16 (51:26:51),thickness_DB,-,computational,20C,1,48.77,48.77,0.0,48.77,48.77,0.0,1,1,A
POPC:DHMDMAB (10:3),thickness_DB,-,computational,40C,1,41.55,41.55,0.0,41.55,41.55,0.0,1,1,A
POPC:DHMDMAB (10:7),thickness_DB,-,computational,40C,2,41.18,41.18,0.0,41.18,41.18,0.0,2,2,A
POPC:DHMDMAB (1:1),thickness_DB,-,computational,40C,2,43.61,43.61,2.85,40.76,46.46,13.1,2,2,A
POPC:DHMDMAB (25:11),thickness_DB,-,computational,40C,1,39.92,39.92,0.0,39.92,39.92,0.0,1,1,A
POPC:DHMDMAB (25:22),thickness_DB,-,computational,40C,1,36.82,36.82,0.0,36.82,36.82,0.0,1,1,A
POPC:DHMDMAB (25:3),thickness_DB,-,computational,40C,2,42.205,42.205,0.635,41.57,42.84,3.0,2,2,A
POPC:DHMDMAB (25:7),thickness_DB,-,computational,40C,2,41.91,41.91,0.03,41.88,41.94,0.1,2,2,A
POPC:DHMDMAB (50:21),thickness_DB,-,computational,40C,2,40.84,40.84,0.25,40.59,41.09,1.2,2,2,A
POPC:DOPE (1:1),thickness_DB,-,computational,25C,1,40.77,40.77,0.0,40.77,40.77,0.0,1,1,A
POPC:GB3 (19:1),thickness_DB,-,computational,35C,4,43.2825,43.17,0.219,43.13,43.66,1.2,3,1,A
POPC:PAzePCdeprot (45:19),thickness_DB,-,computational,25C,1,38.77,38.77,0.0,38.77,38.77,0.0,1,1,A
POPC:PAzePCprot (45:19),thickness_DB,-,computational,25C,1,37.95,37.95,0.0,37.95,37.95,0.0,1,1,A
POPC:POPE (1:1),thickness_DB,-,computational,25C,4,43.555,43.41,1.8817,41.44,45.96,10.4,4,4,A
POPC:POPE:POPS:POPI:CER180:CHOL (67:30:7:13:5:6),thickness_DB,-,computational,35C,1,44.63,44.63,0.0,44.63,44.63,0.0,1,1,A
POPC:POPE:POPS:SAPI24:SM16:CHOL (82:58:28:6:59:152),thickness_DB,-,computational,35C,1,48.76,48.76,0.0,48.76,48.76,0.0,1,1,A
POPC:POPG (175:44),thickness_DB,-,computational,25C,3,44.8733,46.0,1.6574,42.53,46.09,7.9,3,1,A
POPC:POPG (1:1),thickness_DB,-,computational,25C,7,44.4186,44.78,2.1903,41.31,47.49,13.9,5,3,A
POPC:POPG (7:3),thickness_DB,-,computational,35C,2,44.82,44.82,0.31,44.51,45.13,1.4,2,1,A
POPC:POPS (13:3),thickness_DB,-,computational,35C,2,48.115,48.115,0.995,47.12,49.11,4.1,2,1,A
POPC:POPS (1:1),thickness_DB,-,computational,25C,2,44.685,44.685,1.565,43.12,46.25,7.0,1,1,A
POPC:POPS (51:13),thickness_DB,-,computational,35C,3,48.14,47.82,0.5322,47.71,48.89,2.5,3,1,A
POPC:POPS (5:1),thickness_DB,-,computational,25C,10,44.81,44.465,1.1469,42.62,46.45,8.5,3,3,A
POPC:POPS:CES (?),thickness_DB,-,computational,35C,1,44.94,44.94,0.0,44.94,44.94,0.0,1,1,A
POPC:SAPI25 (71:4),thickness_DB,-,computational,25C,1,42.99,42.99,0.0,42.99,42.99,0.0,1,1,A
POPC:SAPI25 (9:1),thickness_DB,-,computational,25C,1,43.53,43.53,0.0,43.53,43.53,0.0,1,1,A
POPC:TLCL_0H (22:3),thickness_DB,-,computational,25C,1,42.69,42.69,0.0,42.69,42.69,0.0,1,1,A
POPC:TLCL_0H (47:3),thickness_DB,-,computational,30C,1,42.01,42.01,0.0,42.01,42.01,0.0,1,1,A
POPC:TLCL_0H (4:1),thickness_DB,-,computational,30C,1,41.91,41.91,0.0,41.91,41.91,0.0,1,1,A
POPE,thickness_DB,-,computational,25C,2,46.07,46.07,3.24,42.83,49.31,14.1,2,2,A
POPE,thickness_DB,-,computational,30C,6,42.9017,43.3,2.6419,37.38,45.33,18.5,4,3,A
POPE,thickness_DB,-,computational,35C,18,43.7711,44.225,2.3939,37.7,47.98,23.5,15,7,A
POPE,thickness_DB,-,computational,40C,4,42.0125,41.98,0.6138,41.33,42.76,3.4,2,1,A
POPE:DOG (29:3),thickness_DB,-,computational,35C,1,44.25,44.25,0.0,44.25,44.25,0.0,1,1,A
POPE:DOG:CHOL (37:6:21),thickness_DB,-,computational,35C,1,45.06,45.06,0.0,45.06,45.06,0.0,1,1,A
POPE:POPC:POPS:CHOL:SM16:GM1 (24:38:5:20:9:4),thickness_DB,-,computational,25C,3,48.9367,49.77,1.3518,47.03,50.01,6.1,3,1,A
POPE:POPG (187:63),thickness_DB,-,computational,35C,2,44.965,44.965,0.115,44.85,45.08,0.5,2,1,A
POPE:SDG (29:3),thickness_DB,-,computational,35C,1,44.29,44.29,0.0,44.29,44.29,0.0,1,1,A
POPE:SDG:CHOL (37:6:21),thickness_DB,-,computational,35C,1,45.96,45.96,0.0,45.96,45.96,0.0,1,1,A
POPG,thickness_DB,-,computational,25C,2,38.815,38.815,0.415,38.4,39.23,2.1,2,2,A
POPG,thickness_DB,-,computational,35C,10,40.787,40.635,2.6873,37.33,44.5,17.6,10,4,A
POPG:DPPGK:TOCL (12:7:1),thickness_DB,-,computational,30C,1,44.66,44.66,0.0,44.66,44.66,0.0,1,1,A
POPG:POPC (1:1),thickness_DB,-,computational,25C,11,43.6155,43.48,2.313,40.34,47.77,17.0,9,3,A
POPG:POPC (1:4),thickness_DB,-,computational,25C,2,44.38,44.38,2.51,41.87,46.89,11.3,2,1,A
POPG:POPC (3:7),thickness_DB,-,computational,35C,5,40.656,40.67,1.0486,39.2,42.0,6.9,5,3,A
POPG:POPC (44:175),thickness_DB,-,computational,25C,6,41.9983,42.34,1.1399,40.29,43.66,8.0,6,2,A
POPG:POPE (187:63),thickness_DB,-,computational,35C,8,41.0588,41.16,2.0727,37.96,44.15,15.1,8,4,A
POPG:POPE (63:187),thickness_DB,-,computational,35C,6,42.4783,42.515,1.358,40.74,44.52,8.9,6,3,A
POPI:NH4 (?),thickness_DB,-,computational,35C,1,48.25,48.25,0.0,48.25,48.25,0.0,1,1,A
POPI:POPC:NH4 (?),thickness_DB,-,computational,35C,4,45.3925,45.69,1.5426,43.09,47.1,8.8,4,1,A
POPI:POPE:NH4 (?),thickness_DB,-,computational,35C,4,46.2775,46.265,0.8242,45.19,47.39,4.8,4,1,A
POPS,thickness_DB,-,computational,25C,23,46.0561,47.41,3.3529,39.04,51.2,26.4,13,7,A
POPS:POPC (1:1),thickness_DB,-,computational,25C,3,42.1467,41.62,1.9626,40.05,44.77,11.2,2,2,A
POPS:POPC (1:10),thickness_DB,-,computational,25C,2,41.515,41.515,0.265,41.25,41.78,1.3,1,1,A
POPS:POPC (1:4),thickness_DB,-,computational,25C,2,41.28,41.28,0.05,41.23,41.33,0.2,1,1,A
POPS:POPC (1:5),thickness_DB,-,computational,25C,32,43.4138,43.42,1.0795,41.25,45.56,9.9,14,3,A
POPS:POPC (1:5),thickness_DB,-,computational,45C,3,42.8567,42.57,0.4705,42.48,43.52,2.4,1,1,A
PYPC,thickness_DB,-,computational,60C,3,39.1467,38.85,0.4196,38.85,39.74,2.3,1,1,A
SD5PC,thickness_DB,-,computational,30C,2,42.955,42.955,0.085,42.87,43.04,0.4,1,1,A
SDPC,thickness_DB,-,computational,30C,4,42.12,42.18,0.1538,41.86,42.26,0.9,2,1,A
SDPE:DOG (29:3),thickness_DB,-,computational,35C,1,44.8,44.8,0.0,44.8,44.8,0.0,1,1,A
SDPE:DOG:CHOL (37:6:21),thickness_DB,-,computational,35C,1,45.67,45.67,0.0,45.67,45.67,0.0,1,1,A
SDPE:SDG (29:3),thickness_DB,-,computational,35C,1,44.84,44.84,0.0,44.84,44.84,0.0,1,1,A
SDPE:SDG:CHOL (37:6:21),thickness_DB,-,computational,35C,1,45.94,45.94,0.0,45.94,45.94,0.0,1,1,A
SLiPC,thickness_DB,-,computational,60C,3,41.78,41.52,0.3677,41.52,42.3,1.9,1,1,A
SM16,thickness_DB,-,computational,55C,1,45.15,45.15,0.0,45.15,45.15,0.0,1,1,A
SM16:POPC (3:7),thickness_DB,-,computational,25C,1,44.63,44.63,0.0,44.63,44.63,0.0,1,1,A
SM18,thickness_DB,-,computational,55C,1,47.89,47.89,0.0,47.89,47.89,0.0,1,1,A
SM18:POPC:CHOL (1:1:1),thickness_DB,-,computational,50C,1,50.28,50.28,0.0,50.28,50.28,0.0,1,1,A
SOPC,thickness_DB,-,computational,25C,3,44.3767,44.32,0.2201,44.14,44.67,1.2,1,1,A
SOPC,thickness_DB,-,computational,30C,1,44.16,44.16,0.0,44.16,44.16,0.0,1,1,A
SOPC,thickness_DB,-,computational,60C,3,42.8067,43.1,0.4148,42.22,43.1,2.1,1,1,A
SOPC,thickness_DB,-,experimental,20C,1,40.8,40.8,0.0,40.8,40.8,0.0,1,0,A
SOPC,thickness_DB,-,experimental,30C,1,40.0,40.0,0.0,40.0,40.0,0.0,1,0,A
SOPC,thickness_DB,-,experimental,50C,1,39.0,39.0,0.0,39.0,39.0,0.0,1,0,A
SOPC,thickness_DB,-,experimental,60C,1,38.5,38.5,0.0,38.5,38.5,0.0,1,0,A
TLCL_0H,thickness_DB,-,computational,30C,1,38.14,38.14,0.0,38.14,38.14,0.0,1,1,A
TLCL_0H:SAPC:POPE (4:9:7),thickness_DB,-,computational,35C,1,40.73,40.73,0.0,40.73,40.73,0.0,1,1,A
TMCL:BOG:TMA (?),thickness_DB,-,computational,30C,1,34.77,34.77,0.0,34.77,34.77,0.0,1,1,A
TOCL,thickness_DB,-,computational,30C,2,40.15,40.15,0.2,39.95,40.35,1.0,2,1,A
TOCL:POPC (1:1),thickness_DB,-,computational,35C,1,41.36,41.36,0.0,41.36,41.36,0.0,1,1,A
TOCL:POPC:POPE (1:2:1),thickness_DB,-,computational,35C,1,42.12,42.12,0.0,42.12,42.12,0.0,1,1,A
TOCL:POPE (1:1),thickness_DB,-,computational,35C,1,41.02,41.02,0.0,41.02,41.02,0.0,1,1,A
TOCL:TMA (?),thickness_DB,-,computational,30C,1,37.83,37.83,0.0,37.83,37.83,0.0,1,1,A
